id,domain,status,purchase_price,renewal_price,attractiveness,demand,length,registrar,created_at,expires_at,status_verified_at
1e31a1c1-efc9-45ca-b172-801468229096,trans.ing,premium,382.61,382.61,high,low,5,porkbun,,,30/09/2026 03:32
4451d6c6-8dcf-43d0-bf8b-e150b45c032f,riled.ing,available,12.98,16.98,medium,low,5,namecheap,,,
b7c9dcd2-52b8-4b90-b6ba-70b44bec9ae9,provident.ing,available,12.98,16.98,high,low,9,namecheap,,,09/09/2026 04:35
0a5579a7-bcbb-41a8-b059-0d727fd6ea85,hydrostatic.ing,available,10.55,10.55,medium,low,11,spaceship,,,02/10/2026 01:37
5181529b-4282-48e3-a59e-3667ef94cd6e,loeb.ing,available,10.55,10.55,high,low,4,spaceship,,,28/09/2026 02:11
cdc4082f-c3e0-4e18-add0-771a695ac236,snow.ing,premium,3000.2,3900,high,medium,4,unstoppable,,,29/09/2026 01:12
2954d0ac-4c66-4147-85c2-80f748f3b57c,claws.ing,available,10.55,10.55,medium,low,5,spaceship,,,28/09/2026 17:19
569593c0-df68-4462-9549-eea8b80384ea,swedish.ing,premium,437.5,437.5,high,low,7,name.com,,,11/09/2026 05:29
de715064-5b8a-4a30-b3c9-30575b74224e,suggest.ing,premium,3000.2,,high,low,7,unstoppable,,,29/09/2026 22:49
f96b4361-0d05-4eca-aa36-cb260b6817d3,climbs.ing,available,10.2,10.2,medium,low,6,cloudflare,,,30/09/2026 15:59
cd1c3f2d-584f-494b-8527-1ce26654dae4,threats.ing,available,12.98,16.98,medium,low,7,namecheap,,,18/09/2026 23:54
4e43a8b3-b3c3-4323-aff1-5f956da77d44,trading.ing,premium,195,195,high,low,7,namecheap,,,30/09/2026 13:44
8b662101-35f0-4ebd-b248-0aa6cd1e7ac1,visualization.ing,premium,98.77,98.77,high,low,13,porkbun,,,02/10/2026 01:37
f9a2d464-8292-46cb-887c-6758c59d0b5f,shorted.ing,available,12.98,16.98,high,low,7,namecheap,,,20/09/2026 16:13
99abf638-fe9d-46e6-a27e-c5b088caae50,quixotic.ing,available,12.98,16.98,medium,low,8,namecheap,,,09/09/2026 09:04
b3e1c5c9-c133-4dce-95de-eddeda669aae,xenophon.ing,available,10.55,10.55,medium,low,8,spaceship,,,30/09/2026 03:10
c15c89e3-4ccc-4339-81f8-c880199e5ae9,suitcase.ing,premium,65,65,high,low,8,namecheap,,,28/09/2026 06:48
f0683245-516e-4c8d-b9cd-9ed57e8ac312,blunt.ing,premium,455,455,high,low,5,namecheap,,,22/09/2026 23:15
583970a8-efcf-4523-8e43-044f19181705,lineup.ing,premium,382.61,382.61,medium,low,6,porkbun,,,29/09/2026 23:05
754764d0-6547-4c86-acd5-90d9e9e76225,foiled.ing,available,12.98,16.98,medium,low,6,namecheap,,,14/08/2026 09:27
2e249b29-c359-4475-9eed-e2a5d4feb290,gerald.ing,premium,,,high,low,6,,,,28/09/2026 13:18
5c5ccc18-8994-4170-8a44-31f79d7e09a5,hesiod.ing,available,10.55,10.55,medium,low,6,spaceship,,,02/10/2026 15:41
a358c506-b19c-4c17-87de-06db0b1da780,iraki.ing,available,12.98,16.98,medium,low,5,namecheap,,,22/08/2026 09:37
09fe3058-4b62-49bf-8b7a-99139e9c4c15,blinking.ing,available,12.98,16.98,high,low,8,namecheap,,,22/09/2026 21:58
049b356a-7bcd-4219-93a2-ce67deb7446d,ranch.ing,premium,3900,3900,high,low,5,namecheap,,,25/09/2026 22:09
e29299c1-3507-4e17-bfaf-2b7ae1d1401c,motored.ing,available,12.98,16.98,medium,low,7,namecheap,,,25/08/2026 08:30
f42696da-c731-4776-bcfd-a89bb7b0ff55,unladylike.ing,available,12.98,16.98,medium,low,10,namecheap,,,12/09/2026 14:39
d86f0fd4-1ef0-43dd-bc6e-a050bddcf507,emigrant.ing,available,10.55,10.55,high,low,8,spaceship,,,03/10/2026 00:39
ff43b7c7-7c0f-4848-851c-56cde1f05f0d,retroflex.ing,available,12.98,16.98,medium,low,9,namecheap,,,11/08/2026 12:37
359cd142-c6e8-43a2-8522-4cbb6c5a4561,oncology.ing,premium,90.2,,high,low,8,unstoppable,,,02/10/2026 16:15
0e9184d4-f3ea-48ab-ad42-5c1fc7342b58,derriere.ing,available,12.98,16.98,medium,low,8,namecheap,,,09/08/2026 11:55
c0df86b4-50a1-4aba-8302-e2c8ba2b9cad,conditional.ing,available,14,,high,low,11,unstoppable,,,30/09/2026 11:31
d25b6fb3-15b8-4c36-b5a6-609430cb2279,wei.ing,premium,195,195,high,low,3,namecheap,,,25/09/2026 10:59
0714cdbf-4fef-4f96-bd12-8bc6b0e9f9dd,uterine.ing,available,12.98,16.98,medium,low,7,namecheap,,,13/09/2026 00:02
70865776-d1bb-4f44-be91-a9aa89695d7e,syllabic.ing,available,12.98,16.98,high,low,8,namecheap,,,11/09/2026 05:58
6fee2e5e-9a88-476a-8929-2676711dffab,deeper.ing,premium,195,195,high,low,6,namecheap,,,17/09/2026 12:06
e250b018-8410-49a1-bdc0-4c1e2991af09,destination.ing,premium,437.5,,high,low,11,name.com,,,
44b336e5-2e79-45cc-8153-1904d5f990f2,surviving.ing,available,12.98,16.98,high,low,9,namecheap,,,11/09/2026 04:49
516578ad-b121-4870-8f42-9549e9f085e9,hieronymus.ing,available,10.2,10.2,medium,low,10,cloudflare,,,03/10/2026 00:41
fe19cfab-4c1e-49c5-a1be-ee3955fd6f8b,realistic.ing,premium,195,195,high,low,9,namecheap,,,03/09/2026 13:57
716c4e6b-b557-43ec-808a-0394ca8c5a33,thwack.ing,available,12.98,16.98,high,low,6,namecheap,,,16/09/2026 02:47
3d6730af-6713-46d3-b75a-2eec545f4f6f,atrovent.ing,available,12.98,16.98,medium,low,8,namecheap,,,21/09/2026 01:03
df2004bf-2167-4229-9646-c5b5781535b5,lunatic.ing,available,18.99,18.99,high,low,7,name.com,,,13/08/2026 17:47
c366153b-3a12-49b7-b1ae-0d872f81ed7a,griffon.ing,available,12.98,16.98,medium,low,7,namecheap,,,23/09/2026 05:02
5c662a35-4bf7-4d2d-88c9-41e3e68dbbd5,generous.ing,premium,112.5,112.5,high,low,8,name.com,,,18/08/2026 21:29
dfbc41fa-003d-40f2-b130-38b865fc8d08,windless.ing,available,12.98,16.98,medium,low,8,namecheap,,,13/09/2026 12:14
c68e8dca-f982-4aee-a3af-9308585db05c,toc.ing,premium,117,117,high,low,3,namecheap,,,02/10/2026 06:49
33fa7678-e7d9-420c-b7e3-b54179d6c341,assertion.ing,available,12.98,16.98,high,low,9,namecheap,,,20/09/2026 16:14
b15dfb40-3cf8-40d8-afdf-48f5ff34d04b,covariant.ing,available,12.98,16.98,medium,low,9,namecheap,,,13/08/2026 04:05
fa059047-c336-4384-b3ff-45685fe6405b,source.ing,premium,845,845,high,medium,6,namecheap,,,25/09/2026 22:58
32adc1ab-38bd-431c-b74a-5c60626ba4df,slogan.ing,premium,93.35,93.35,high,low,6,spaceship,,,28/09/2026 18:37
5769e30e-aa3b-4940-bdbf-4e6ba8fcf42e,darcy.ing,available,10.55,10.55,high,low,5,spaceship,,,30/09/2026 00:47
90d95f8f-900c-43e8-b94a-70eec65528c0,hurried.ing,available,12.98,16.98,medium,low,7,namecheap,,,21/08/2026 15:45
28ce0a37-b1ca-4a4c-b1f8-76144b85281a,alienist.ing,available,12.98,16.98,medium,low,8,namecheap,,,18/09/2026 07:40
e97a285e-7700-41ad-9e1b-758de1652f47,lookout.ing,available,10.81,10.81,high,low,7,porkbun,,,30/09/2026 22:47
8ca00944-6cf4-4a1c-9db4-d62fb38a24e1,rumination.ing,available,12.98,16.98,medium,low,10,namecheap,,,03/09/2026 11:31
02d9f909-e630-4900-9499-9f6430e174e4,outcast.ing,available,12.98,16.98,high,low,7,namecheap,,,18/08/2026 15:35
25ee69e3-539b-4d15-92a1-d0969481c37d,brevard.ing,available,10.55,10.55,medium,low,7,spaceship,,,01/10/2026 11:57
dde41821-7b9f-44b0-beb0-816c3ce7eced,fleetly.ing,available,12.98,16.98,medium,low,7,namecheap,,,14/09/2026 18:56
a77a1e56-1829-4b47-aee3-c9ab53934eab,sucks.ing,premium,195,195,medium,low,5,namecheap,,,18/09/2026 11:29
a18ac061-aa3f-4c3a-830e-899fe64c71f0,waited.ing,available,12.98,16.98,medium,low,6,namecheap,,,18/09/2026 01:45
4d61b614-a6d3-414f-802a-25417ecceef3,beldame.ing,available,12.98,16.98,medium,low,7,namecheap,,,23/09/2026 04:46
a4cb8916-41ea-4b26-b40c-815cc05fe76e,bilk.ing,available,12.98,16.98,medium,low,4,namecheap,,,09/09/2026 08:21
b1995dfd-2fb1-41c9-b564-155ae0b8cdff,madan.ing,available,10.2,10.2,high,low,5,cloudflare,,,02/10/2026 20:33
7505bd43-8da2-4484-9378-71c71a1cb9c1,briefcase.ing,available,10.2,10.2,high,low,9,cloudflare,,,29/09/2026 04:11
9f27ab6d-6600-48d8-9349-2748971e612f,crete.ing,available,10.55,10.55,high,low,5,spaceship,,,30/09/2026 01:10
0dac5080-2dcf-4297-9f14-c3b0125070af,terrific.ing,premium,65,65,high,low,8,namecheap,,,25/09/2026 00:17
30ef28ff-00d4-482f-aaa3-d1f40c86d502,doc.ing,premium,845,845,high,medium,3,namecheap,,,24/09/2026 16:30
b26e30ab-c2b4-4a98-b12b-b92eca28252d,dreamfully.ing,available,12.98,16.98,medium,low,10,namecheap,,,14/09/2026 14:19
005e4428-c477-4dfc-9a9a-2740cf47de85,ponders.ing,available,12.98,16.98,medium,low,7,namecheap,,,18/09/2026 02:06
9a5fc7a9-83df-4d8a-b0d9-7f1d43767f47,rita.ing,premium,117,117,high,low,4,namecheap,,,25/09/2026 19:01
bcc09016-bdc4-4323-a712-774ff768b1db,institute.ing,premium,672.95,672.95,high,low,9,spaceship,,,28/09/2026 06:02
4c9e6af6-410b-49cc-819b-3a2466e73b20,gabriella.ing,available,10.55,10.55,medium,low,9,spaceship,,,02/10/2026 19:50
2e90f322-2b26-4f28-bb5e-36cf793605ed,effects.ing,premium,845,845,high,low,7,namecheap,,,27/09/2026 03:49
ffe7c6a5-0559-4ce7-a43a-888864e56625,amber.ing,premium,455,455,high,low,5,namecheap,,,22/09/2026 03:52
d31b63d3-94a9-494c-bb70-e764a2b9238b,surgical.ing,premium,195,195,high,low,8,namecheap,,,11/09/2026 04:01
72809157-b617-4392-a07d-4b1a6e2bc9c9,bastard.ing,available,12.98,16.98,medium,low,7,namecheap,,,08/08/2026 23:19
a8ede745-93b6-45ad-b1ad-fe4af73cd504,analytically.ing,available,10.55,10.55,medium,low,12,spaceship,,,01/10/2026 04:36
248f6742-715a-4693-8b39-c69072617515,cucumbers.ing,available,12.98,16.98,medium,low,9,namecheap,,,20/09/2026 10:05
a5ed5478-d9bc-4a64-8182-c1d5d9896ccf,sibl.ing,premium,672.95,672.95,high,low,7,spaceship,,,29/09/2026 20:18
fcc7803d-8f5f-420a-adc3-75552c29c315,muddled.ing,available,12.98,16.98,medium,low,7,namecheap,,,03/09/2026 10:22
0c0e5fec-2985-456a-9418-52e90819d612,appealed.ing,available,10.81,10.81,medium,low,8,porkbun,,,30/09/2026 07:01
fa533cd0-6d1f-46ba-8fdf-ebb70cd475ef,mathematical.ing,premium,,,medium,low,12,,,,28/09/2026 21:06
6e6ee109-d4dd-49a3-9989-9a821ac46fb7,inappropriate.ing,available,10.2,10.2,medium,low,13,cloudflare,,,27/09/2026 16:59
42706965-9a8f-4d0e-a05d-7f59b1a3741f,walked.ing,premium,65,65,medium,low,6,namecheap,,,18/09/2026 01:20
edd2de01-114a-44a9-af3b-3ab7cc573396,declaring.ing,available,10.2,10.2,high,low,9,cloudflare,,,30/09/2026 07:00
6e7ed770-9160-4fb9-af31-0c1af047f4c4,console.ing,premium,455,455,high,low,7,namecheap,,,24/09/2026 16:26
8d26ac35-1868-4566-a2df-18912b0aa74c,affable.ing,available,12.98,16.98,high,low,7,namecheap,,,21/09/2026 21:27
66933736-1070-47ef-8afd-f8f3c2ce2f83,basel.ing,premium,455,455,high,medium,5,namecheap,,,22/09/2026 10:13
50655ab8-2dcc-45cc-8d41-4da8d6c5e31c,baraka.ing,available,12.98,16.98,high,low,6,namecheap,,,22/09/2026 04:07
98d422dd-e4d2-4b5d-abf0-26154056bd60,nonprofit.ing,premium,350.2,455,medium,low,9,unstoppable,,,02/10/2026 11:43
99d63fa3-e8ad-4ea5-9aaa-1b9dc85ed7f5,condor.ing,premium,117,117,high,low,6,namecheap,,,24/09/2026 17:10
263d9f82-18f3-4940-a375-9d9c956681c7,teaspoons.ing,available,12.98,16.98,medium,low,9,namecheap,,,19/09/2026 22:48
f739e39b-dcda-4964-8107-8c5bf4f340ac,hit.ing,premium,1625,,high,high,3,name.com,,,26/09/2026 00:03
9a482a7e-069e-4cc3-ab55-257618055b91,creaseless.ing,available,12.98,16.98,medium,low,10,namecheap,,,13/08/2026 05:47
d1a528d0-ab51-47da-9809-d8da9e39e939,eternity.ing,premium,117,117,high,low,8,namecheap,,,28/09/2026 01:51
ebe77cf7-aa16-41fa-9394-999114212838,sighted.ing,available,10.2,10.2,high,low,7,cloudflare,,,27/09/2026 21:56
8186e5ef-e5a1-45a8-9f03-c39ceda3ff12,demonstration.ing,available,14,,high,low,13,unstoppable,,,03/10/2026 01:27
2ffe4875-c871-4644-b419-0aab160cfa61,recounting.ing,available,12.98,16.98,medium,low,10,namecheap,,,11/09/2026 10:26
4a83a32c-3b38-4b88-8788-e4a0794e4389,talkative.ing,available,12.98,16.98,high,low,9,namecheap,,,09/08/2026 21:05
633ef0d4-8228-4a5f-9d21-76050befb111,reformed.ing,available,12.98,16.98,high,low,9,namecheap,,,09/09/2026 10:53
3067894b-2d21-4acf-940b-1304e77bac4b,bitten.ing,available,10.55,10.55,low,low,6,spaceship,,,29/09/2026 10:18
068df5b4-257a-4d02-8af7-659842c886d7,amalgamate.ing,available,12.98,16.98,high,low,10,namecheap,,,22/09/2026 03:01
3af8f179-54f5-4821-892e-eb29f6ef9e13,supergroup.ing,available,10.2,10.2,high,low,10,cloudflare,,,01/10/2026 23:14
c50d4815-e1f9-4411-b3d6-12a34c11483f,serpent.ing,available,10.55,10.55,medium,low,7,spaceship,,,29/09/2026 01:45
76e0a02a-25f2-4f62-a980-d588d7a4633f,fte.ing,premium,,,high,low,3,,,,29/09/2026 03:33
94f25427-7539-4d5e-bd27-6204689a6c71,overshot.ing,available,12.98,16.98,medium,low,8,namecheap,,,04/09/2026 21:51
32291f4d-b962-4cbb-8c9d-72b5391004aa,steadily.ing,available,12.98,16.98,medium,low,8,namecheap,,,10/09/2026 19:32
5ee70cfd-dad9-417e-b33d-ec0b55923ce6,dishwasher.ing,premium,90.2,,high,low,10,unstoppable,,,29/09/2026 15:53
470a21f6-0d42-4565-a5a7-9554fa89ece2,quartz.ing,premium,350.2,,high,low,6,unstoppable,,,30/09/2026 10:24
98d9fe3d-b447-46b9-b7a5-56480334d863,clxxx.ing,available,12.98,16.98,medium,low,5,namecheap,,,
cfd0ddaa-5c3a-4da3-80ea-03107e7bb539,tiresome.ing,available,12.98,16.98,medium,low,8,namecheap,,,10/08/2026 20:03
d18c188d-7023-43c7-8ce0-22a1a2e711d7,stewart.ing,premium,155.45,155.45,high,low,7,spaceship,,,29/09/2026 17:05
fb328d0a-16d9-4bd0-8426-39cec7513e60,cablevision.ing,available,10.55,10.55,high,low,11,spaceship,,,02/10/2026 11:42
b13d4cad-7a67-4532-8949-bd7095a6ba5d,althaea.ing,available,12.98,16.98,medium,low,7,namecheap,,,18/09/2026 14:53
b34fb9e0-a759-4fc9-87b9-60cf98a0aa83,experiments.ing,available,10.2,10.2,medium,low,11,cloudflare,,,28/09/2026 04:57
f1092ba0-f4cf-4346-83e9-7619d3be1167,upriver.ing,available,12.98,16.98,medium,low,7,namecheap,,,12/09/2026 23:26
0a76d3ec-72f5-4660-ae52-f550be82df41,csr.ing,premium,,,high,low,3,,,,29/09/2026 23:54
1e88d5bf-b4f3-48e8-bd2d-a0d5edc0b1b6,united.ing,available,12.98,16.98,high,medium,6,namecheap,,,25/09/2026 11:56
e27e4769-715a-4a28-9709-f532a28ab42b,monegasque.ing,available,12.98,16.98,medium,low,10,namecheap,,,25/08/2026 04:03
d9606a36-53d4-4634-8436-a5351ee9bae5,consolation.ing,available,14,,medium,low,11,unstoppable,,,28/09/2026 22:58
8d8fa2e5-aa50-4d22-aeb1-e5dc939cb931,currently.ing,premium,437.5,,medium,low,9,name.com,,,28/09/2026 14:29
e12fbc39-f11d-4daf-91e4-33a337734ce2,soursop.ing,available,12.98,16.98,high,low,7,namecheap,,,19/09/2026 10:36
a9d09b58-f25b-4744-8767-42a11cfd6153,amphibian.ing,available,12.98,16.98,high,low,9,namecheap,,,
b28ef30d-6889-4a10-950d-5b35318f5f66,friedman.ing,premium,,,high,low,8,,,,29/09/2026 18:58
fca647c7-d2fa-4836-a298-d11552777499,grayish.ing,available,12.98,16.98,medium,low,7,namecheap,,,20/08/2026 18:56
18edc30b-e99a-45dd-9da4-080930639553,notebooks.ing,premium,195,195,medium,low,9,namecheap,,,20/09/2026 11:51
c8fd95e0-fa5c-4b28-8a69-750ffbb131b1,nunez.ing,available,14,,medium,low,5,unstoppable,,,02/10/2026 10:09
bbd5155e-bbde-49f1-9512-ae5a791cf56d,bangui.ing,available,12.98,16.98,medium,low,6,namecheap,,,22/09/2026 02:03
50d1a46f-4406-4d00-b12a-2feb323995a0,cholera.ing,available,12.98,16.98,medium,low,7,namecheap,,,20/09/2026 14:08
f65e02d0-cda2-4249-83ae-1978dda7a9fb,unmistakable.ing,available,10.55,10.55,high,low,12,spaceship,,,02/10/2026 18:12
777addd5-c28a-42d3-a58a-b187bb78c3d7,hydrolysis.ing,available,10.55,10.55,medium,low,10,spaceship,,,01/10/2026 02:39
82556470-e4bc-453a-95a8-ac7caa275de3,valley.ing,premium,672.95,672.95,high,low,6,spaceship,,,30/09/2026 14:16
26a898ea-4509-4737-a84c-2cf75afcdd15,ert.ing,premium,,,high,low,3,,,,02/10/2026 14:55
feffceab-17c5-4c65-83a5-041ade600e93,weeny.ing,available,12.98,16.98,high,low,5,namecheap,,,10/08/2026 08:22
ac454075-b791-4d5a-adde-f493a9d11173,pioneer.ing,premium,1345.7,1345.7,high,low,7,spaceship,,,29/09/2026 01:10
a2af8574-8398-494d-8143-ee3f62587e44,grop.ing,premium,187.5,187.5,medium,low,7,name.com,,,20/08/2026 20:18
ab71d255-144f-40b8-860c-b218ee6e7e34,graciously.ing,available,12.98,16.98,high,low,10,namecheap,,,14/09/2026 21:58
6ab1c34f-3fd5-4886-8ae9-56689d03c390,boardwalk.ing,available,10.2,10.2,high,low,9,cloudflare,,,30/09/2026 08:21
a944b993-3069-474b-a3b0-171684826762,gaunt.ing,available,12.98,16.98,medium,low,5,namecheap,,,10/08/2026 18:54
17739fc7-9f3f-4a52-892f-730fea751932,chesty.ing,available,12.98,16.98,medium,low,6,namecheap,,,06/08/2026 22:08
96457d1b-9700-4f67-9032-4bc58a72e0ac,preliminary.ing,available,10.2,10.2,high,low,11,cloudflare,,,28/09/2026 11:21
18f7b200-adca-4eac-ad2d-9a142f3a8013,congratulations.ing,available,16.98,,high,low,15,namecheap,,,
7e67ca5b-7902-41a6-90e5-188e25f7c63a,handless.ing,available,12.98,16.98,medium,low,8,namecheap,,,11/08/2026 10:12
f8068504-5b21-402a-88f0-d464113cda8d,mutagenic.ing,available,12.98,16.98,medium,low,9,namecheap,,,03/09/2026 11:37
22cd4a53-cc89-4a7b-9071-8acf9c269db7,blast.ing,premium,3900,3900,high,low,8,namecheap,,,16/09/2026 02:52
d8d48f81-bd89-4b8a-8f73-68d94af61bae,lexically.ing,available,12.98,16.98,medium,low,9,namecheap,,,15/09/2026 11:16
ac1bc533-321c-478d-b561-f28b9963c138,ouachita.ing,available,10.2,10.2,medium,low,8,cloudflare,,,30/09/2026 10:40
b770df52-3521-4103-bf23-ed4232abc7ef,touched.ing,available,12.98,16.98,high,low,7,namecheap,,,25/08/2026 09:12
ff570a43-ab7b-4393-a82f-f388b08183d1,hausen.ing,available,12.98,16.98,medium,low,6,namecheap,,,17/09/2026 01:50
62b5da4a-7819-41ac-a0d8-c486e81952d2,voluptuous.ing,available,12.98,16.98,high,low,10,namecheap,,,10/08/2026 20:39
d69ee5b5-ff1d-495d-aa7e-fbebae188edb,reality.ing,available,,,high,low,7,,,,26/09/2026 00:09
4baa504c-9ce6-4fbc-b1ea-c63901c7e65a,polymorphism.ing,available,10.55,10.55,medium,low,12,spaceship,,,02/10/2026 22:03
cc9dd297-7b7f-4574-9e07-a03658ab6be5,btw.ing,premium,93.35,93.35,high,low,3,spaceship,,,01/10/2026 04:54
b3bf548f-3feb-4bbc-8c9a-54a3e1418a48,plenty.ing,premium,437.5,437.5,high,low,6,name.com,,,17/08/2026 09:49
74af9918-e2d6-4902-9086-7ac816958da3,accelerations.ing,available,10.2,10.2,low,low,13,cloudflare,,,02/10/2026 22:27
4f365c6b-2666-4e04-9d47-178c9becebf8,convexly.ing,available,12.98,16.98,medium,low,8,namecheap,,,14/09/2026 08:39
9e4e038c-5789-4bf0-abd4-aa07f43190f8,redeemed.ing,available,12.98,16.98,high,medium,8,namecheap,,,09/09/2026 10:22
88968f22-2327-4c00-92d4-25c09f348bc0,tamil.ing,premium,455,455,high,low,5,namecheap,,,11/09/2026 07:48
9a893b8c-b275-41f0-9f94-287e5e860d23,beechnut.ing,available,18.99,18.99,medium,low,8,name.com,,,23/09/2026 00:13
6d2a3da2-be91-4717-8004-4957204bbac4,pierson.ing,available,10.2,10.2,medium,low,7,cloudflare,,,28/09/2026 23:01
673b1265-772b-4d9c-9286-4e8f760e2d3c,cir.ing,premium,155.45,155.45,high,low,3,spaceship,,,29/09/2026 09:07
23e40bc0-ac24-408c-bd38-78f62100516f,trimm.ing,premium,150.2,,high,low,8,unstoppable,,,02/10/2026 06:00
b7d351a5-5c53-4b36-a950-29b4a6955927,leesburg.ing,available,10.55,10.55,medium,low,8,spaceship,,,02/10/2026 00:14
1dc5f55b-dc40-4dcd-b9e5-0e499e7a7580,administrator.ing,premium,155.45,155.45,high,low,13,spaceship,,,29/09/2026 14:19
61c57662-4c1c-49e2-9d07-604dbc1706cd,unforgettable.ing,available,10.81,10.81,high,low,13,porkbun,,,01/10/2026 05:39
c98c6c50-70e1-48f9-9b99-69977d73d685,fuze.ing,available,10.55,10.55,high,low,4,spaceship,,,01/10/2026 19:40
af5f2c9b-35c7-4526-9d8a-ff5c03d8eb00,multiform.ing,available,12.98,16.98,high,low,9,namecheap,,,03/09/2026 10:41
4b264eff-3335-4629-969e-361311dfa27a,marne.ing,premium,93.35,93.35,medium,low,5,spaceship,,,29/09/2026 15:38
1a93501b-5051-4dad-b652-31f59bec2bde,decks.ing,premium,,,medium,low,5,,,,29/09/2026 05:44
107dc927-fa51-4984-839e-69f68e2205fe,acantha.ing,available,12.98,16.98,medium,low,7,namecheap,,,16/09/2026 20:38
4b59b57e-4fc2-482f-b708-935ef0dcdc37,inseparable.ing,available,10.55,10.55,high,low,11,spaceship,,,01/10/2026 04:48
78d7a91e-71a4-4058-afb2-a1eb96c5598c,niggle.ing,available,12.98,16.98,medium,low,6,namecheap,,,23/09/2026 13:17
b24ed55b-b232-4810-9c64-00a59f20ecb1,tragedies.ing,available,10.2,10.2,medium,low,9,cloudflare,,,02/10/2026 03:44
77d1f218-57c9-432c-817c-cb09175e1190,subhuman.ing,available,12.98,16.98,medium,low,8,namecheap,,,10/09/2026 23:56
e5d782a2-dce5-4413-9e0c-6a871a273a79,tellingly.ing,available,12.98,16.98,medium,low,9,namecheap,,,16/09/2026 08:14
2d7c30aa-be1d-49c5-a0b7-19e2ba3af034,welding.ing,premium,,,high,low,7,,,,30/09/2026 11:19
d1ae5ced-1921-42ab-8a51-716033ed53a0,venezia.ing,premium,51.95,51.95,high,low,7,spaceship,,,30/09/2026 11:17
b8cbbc8b-155f-4882-858b-eb5a63582d81,uxorious.ing,available,12.98,16.98,medium,low,8,namecheap,,,13/09/2026 00:33
db7764e9-c584-4903-829d-2e4ad344292d,jars.ing,premium,93.35,93.35,medium,low,4,spaceship,,,30/09/2026 07:13
fa1cfa8d-76eb-451b-9dbe-53aabf5a097a,score.ing,premium,845,845,high,low,5,namecheap,,,27/09/2026 18:29
4a9da860-eca8-4647-a1c2-a1d9240bf200,didnt.ing,premium,51.95,51.95,medium,low,5,spaceship,,,02/10/2026 04:18
5c989fd0-72e4-44a2-aa42-9f7dda9909ba,purana.ing,available,10.55,10.55,medium,low,6,spaceship,,,02/10/2026 06:08
8c81b484-02a0-45fd-9cea-82ddc852bfa0,compassionate.ing,available,14,,high,low,13,unstoppable,,,29/09/2026 21:13
26d76424-5775-4144-8fbc-77cda5af5806,shap.ing,premium,845,845,high,low,7,namecheap,,,10/09/2026 05:59
3f031043-4d28-4c90-bd5f-7891ad0d0312,ferrous.ing,available,12.98,16.98,medium,low,7,namecheap,,,18/08/2026 02:09
3398f722-e251-4b62-841e-7ef0d40588c3,enured.ing,available,12.98,16.98,low,low,6,namecheap,,,17/08/2026 09:59
62521c19-7366-4bed-a956-88383e16beb7,announcement.ing,premium,62.5,62.5,high,low,12,name.com,,,26/09/2026 00:47
775bf9c6-038c-41f7-bf94-98e873c3042f,humpback.ing,available,12.98,16.98,medium,low,8,namecheap,,,13/08/2026 07:47
85d6f5a9-3d43-4217-a0da-c94783ef6265,germaine.ing,available,10.55,10.55,medium,low,8,spaceship,,,01/10/2026 08:33
cdf1e055-1a74-4156-a28d-db02f8b894dc,dam.ing,premium,,,high,low,3,,,,29/09/2026 00:35
453aa7ec-7cea-432c-9574-7cfb46495882,newhouse.ing,available,10.2,10.2,high,low,8,cloudflare,,,02/10/2026 01:30
acb9178d-2782-4e39-9081-281247ef51f6,bromley.ing,available,14,,medium,low,7,unstoppable,,,28/09/2026 17:16
fce3c9a7-2625-4073-aa4a-632189cfd2a7,grisly.ing,available,12.98,16.98,medium,low,6,namecheap,,,18/08/2026 23:15
d7f70ea0-0806-48ff-8832-1715506e3bad,sebring.ing,available,10.2,10.2,medium,low,7,cloudflare,,,01/10/2026 23:35
be2e4af0-8b52-4988-a3f1-a44c6ba99c7e,suggests.ing,available,10.55,10.55,medium,low,8,spaceship,,,28/09/2026 08:53
e15f5493-4691-49bc-b784-004db05c8011,ketosis.ing,available,12.98,16.98,medium,low,7,namecheap,,,17/09/2026 00:11
32ec0721-34f3-4cf7-a694-915b9e4f8379,plann.ing,premium,3105.2,3105.2,high,low,8,spaceship,,,30/09/2026 07:00
0ed7f5fb-9b4d-4052-b64c-a7d7a6fc8ad1,starship.ing,available,14,,high,low,8,unstoppable,,,30/09/2026 11:04
85003804-a652-4eb4-baee-ea4ec9a4cbce,nurtural.ing,available,12.98,16.98,medium,low,8,namecheap,,,03/09/2026 23:07
a998ab30-aea0-43fd-b40b-07de26fafdae,ration.ing,premium,155.45,155.45,medium,low,6,spaceship,,,01/10/2026 21:27
eccfb816-c266-46b4-806d-70737dd63ed7,grasping.ing,available,12.98,16.98,medium,low,8,namecheap,,,07/08/2026 22:04
48cfe086-85f6-415d-8943-c9941ed3d640,paunchy.ing,available,12.98,16.98,medium,low,7,namecheap,,,
76860e99-8578-4487-af57-0413f9c9a427,heighten.ing,available,12.98,16.98,high,low,8,namecheap,,,12/08/2026 19:31
ee1c8c72-0c12-466b-adcf-32c75582bcf2,bmp.ing,premium,90.2,,high,low,3,unstoppable,,,02/10/2026 18:50
70689811-734e-44a2-a9ee-739bfab25bc0,hdtv.ing,available,14,,high,low,4,unstoppable,,,02/10/2026 15:39
5b645679-b024-4a89-88cb-15eeb2bd2ef8,arbitral.ing,available,12.98,16.98,medium,low,8,namecheap,,,06/08/2026 12:48
39ab6310-0781-4016-b2e4-07502b41654f,altruistic.ing,available,12.98,16.98,high,low,10,namecheap,,,22/09/2026 02:48
f047953e-608f-4a11-867c-3811ddd44196,oreo.ing,premium,155.45,155.45,high,low,4,spaceship,,,30/09/2026 06:13
d2bf870e-15c9-4f4e-bc9c-89c72676540c,deaden.ing,available,12.98,16.98,medium,low,9,namecheap,,,10/08/2026 19:57
653f266a-2f70-41d1-af37-dcfe6b3794e3,atenolol.ing,available,12.98,16.98,medium,low,8,namecheap,,,20/09/2026 20:09
2c6b8234-f11b-4217-925b-51257eae4ca5,bus.ing,premium,3105.2,3105.2,high,low,3,spaceship,,,28/09/2026 23:27
f36ab2a6-4eb9-42bf-919b-0f42702746ba,dif.ing,premium,98.77,98.77,high,low,3,porkbun,,,02/10/2026 18:49
1d6949fa-ec48-46e5-8c13-1069a9c6569c,cong.ing,premium,98.77,98.77,high,low,4,porkbun,,,01/10/2026 07:59
00e1356c-a045-4519-a9a0-3508e4bbea62,gallantly.ing,available,12.98,16.98,medium,low,9,namecheap,,,14/09/2026 06:45
97119132-5a0b-4ea9-80f5-ced158926be1,unwise.ing,available,12.98,16.98,medium,low,6,namecheap,,,12/09/2026 22:42
f349f5eb-d700-4e7a-b509-b9c4490eb5e5,suggesting.ing,available,10.2,10.2,high,low,10,cloudflare,,,27/09/2026 17:56
7dda64b1-b016-4e10-b610-ff03e761a4cc,highway.ing,premium,437.5,,high,low,7,name.com,,,29/09/2026 22:47
a86ac0ab-0b9d-44ce-8ad8-51fd9b0465ea,vanity.ing,premium,93.35,93.35,high,low,6,spaceship,,,28/09/2026 21:03
4318c656-62e8-4552-87ee-670b52b2a482,sts.ing,premium,93.35,93.35,high,low,3,spaceship,,,28/09/2026 11:46
76145247-5811-4005-b499-f1ffee9141ac,pancakes.ing,available,10.55,10.55,medium,low,8,spaceship,,,30/09/2026 06:11
9451d206-7e6f-46a4-8b68-9116c68857d6,burred.ing,available,12.98,16.98,medium,low,6,namecheap,,,08/08/2026 17:23
3b1bb231-e35a-475a-a7de-f38ebd00ad69,plait.ing,available,18.99,18.99,high,low,5,name.com,,,24/09/2026 07:55
eaed18f7-e65f-4d5a-8917-83d992e793c9,affirmative.ing,available,10.55,10.55,high,low,11,spaceship,,,30/09/2026 22:02
62b47f0e-57d8-4d26-9b64-0dabe25e4015,interior.ing,premium,455,455,high,low,8,namecheap,,,25/09/2026 09:38
b573841c-06bd-4168-bc81-5c0298951883,unharmed.ing,available,12.98,16.98,high,low,8,namecheap,,,12/09/2026 12:00
94915d98-1c41-4152-ae69-545ae6e436a2,affirmations.ing,available,12.98,16.98,medium,low,12,namecheap,,,21/09/2026 01:56
4808f167-9293-4e95-9c94-82d98cb2f6d4,arundo.ing,available,12.98,16.98,medium,low,6,namecheap,,,20/09/2026 12:25
6119246d-05c7-41e1-9944-e56da69f7a75,surname.ing,available,10.55,10.55,high,low,7,spaceship,,,29/09/2026 06:51
e5335681-6343-47fb-be22-c9e0aae03b72,aras.ing,available,12.98,16.98,medium,low,4,namecheap,,,20/09/2026 00:22
032844ba-1ec9-491c-a64b-c5764cdd0558,believers.ing,available,10.81,10.81,high,low,9,porkbun,,,30/09/2026 13:58
8156fbd5-5ca3-4c54-a4e8-200e93c2c2e7,extras.ing,premium,187.5,,medium,low,6,name.com,,,
1eea1966-bb64-48ed-b68e-bf7c16f8c4b4,avahi.ing,available,12.98,16.98,medium,low,5,namecheap,,,21/09/2026 08:36
241bb464-e894-4696-aca3-4377b9ba6c82,taste.ing,premium,362.45,362.45,high,low,5,spaceship,,,29/09/2026 21:45
7fb47c55-533c-408e-9842-ec85aa4b39de,cresson.ing,available,12.98,16.98,medium,low,7,namecheap,,,13/08/2026 06:16
fed2345e-9ccd-41ee-b07f-7f7070e9fdbf,capacitive.ing,available,12.98,16.98,medium,low,10,namecheap,,,11/08/2026 17:49
8f8014ba-873c-499f-bba4-21cc141e5cc3,disappeared.ing,available,12.98,16.98,medium,low,11,namecheap,,,25/09/2026 18:22
21b5ab34-8c0a-4982-9791-d795a7bf9938,visual.ing,premium,455,455,high,low,6,namecheap,,,19/09/2026 17:59
29008e8f-9e9d-4bd7-88f8-11cb4ba53e27,backdrop.ing,available,12.98,16.98,high,low,8,namecheap,,,21/09/2026 15:21
a6e29514-dbb9-46df-9316-1becc6275687,richelieu.ing,available,12.98,16.98,medium,low,9,namecheap,,,20/09/2026 06:31
a78714ab-5c75-41c3-ae1c-b94e20a52b5b,parliament.ing,premium,155.45,155.45,high,low,10,spaceship,,,29/09/2026 07:49
2127026f-2288-47b0-a74f-ec93aa292e97,shack.ing,premium,117,117,high,low,5,namecheap,,,24/09/2026 23:26
d8c17307-8aa5-4809-949f-cbc365f3bf8b,extent.ing,premium,155.45,155.45,high,low,6,spaceship,,,28/09/2026 05:39
ba0fad10-a67f-447f-bf6b-53942c782a6f,wife.ing,premium,710.1,710.1,high,low,4,porkbun,,,30/09/2026 03:56
d3057dbb-f428-4cc4-b1c8-f035bab93b65,himalaya.ing,available,10.2,10.2,high,low,8,cloudflare,,,01/10/2026 02:35
06203e03-b9cf-4567-be59-b3bb4bafc4c3,truant.ing,available,12.98,16.98,high,low,6,namecheap,,,08/08/2026 01:41
336c5453-6279-4537-ace6-ca295e59d1fd,grownup.ing,available,12.98,16.98,high,low,7,namecheap,,,
b6c3cd86-9c63-4b92-a8d2-ec22029195fa,profitless.ing,available,12.98,16.98,medium,low,10,namecheap,,,09/09/2026 02:50
a53f6b3d-b8a6-494e-97da-9fa7e9b1fffc,screens.ing,premium,455,455,medium,low,7,namecheap,,,01/10/2026 17:23
5817ce23-7ae5-4cf7-a489-1f6ce56a47e7,abyssinian.ing,available,12.98,16.98,high,low,10,namecheap,,,16/09/2026 19:54
0fb8678d-624b-4ab1-a95a-2d9148c1ee24,basle.ing,available,12.98,16.98,medium,low,5,namecheap,,,22/09/2026 10:14
c97e989f-14e8-4771-ae26-eb0e8fc34035,cheers.ing,premium,195,195,high,low,6,namecheap,,,27/09/2026 06:11
03550368-6a99-4341-824b-fbb6f082e8f5,trapped.ing,available,12.98,16.98,medium,low,7,namecheap,,,07/08/2026 11:08
80c8deb8-4225-49aa-a210-77663290a9ae,huisache.ing,available,12.98,16.98,medium,low,8,namecheap,,,16/09/2026 20:11
dd4fee9a-b0f8-478f-a45a-d4139fbd365f,statistically.ing,available,10.55,10.55,low,low,13,spaceship,,,29/09/2026 10:41
a3e0fd09-1492-49e2-aea5-78fab6bf2a88,fsh.ing,premium,90.2,,high,low,3,unstoppable,,,02/10/2026 04:54
f90b42ce-eda9-4532-b790-77c43b3047c3,inverse.ing,premium,455,455,high,low,7,namecheap,,,25/09/2026 11:05
abaa7208-0712-496b-9907-f098455f3976,norther.ing,available,12.98,16.98,medium,low,7,namecheap,,,03/09/2026 21:34
8809dd43-c2ac-456b-8b41-82c21f2c5a19,listen.ing,premium,13000,13000,high,low,6,namecheap,,,29/09/2026 22:36
a37f7f9b-93a5-4a67-981c-b5406fb14806,fortemente.ing,available,12.98,16.98,medium,low,10,namecheap,,,18/08/2026 12:36
e748d06c-a892-4584-b57a-e57fba6fa10f,slangy.ing,available,12.98,16.98,medium,low,6,namecheap,,,10/09/2026 09:59
cd829dc5-c2d6-4bc8-8dcd-edaa54d27721,aesthetics.ing,available,12.98,16.98,high,low,10,namecheap,,,17/09/2026 13:37
91b573d3-e590-438a-87d9-8fe1fddd621c,chas.ing,premium,1300.2,1690,medium,low,7,unstoppable,,,28/09/2026 21:45
5fc6eddb-cdce-40cc-b633-9ca82eb775e0,beardless.ing,available,12.98,16.98,medium,low,9,namecheap,,,09/08/2026 04:43
92a8dd08-a43d-4b8c-a0af-beeaa72257e0,starr.ing,premium,3105.2,3105.2,high,low,8,spaceship,,,29/09/2026 07:58
a7a162f4-3f1a-4b89-be96-2ec13d8f65f3,qasim.ing,available,12.98,16.98,medium,low,5,namecheap,,,02/10/2026 10:51
d6e2ce44-30f1-4802-b9b2-407484315c2c,curvaceous.ing,available,12.98,16.98,medium,low,10,namecheap,,,10/08/2026 20:30
8a898093-f7a0-4690-8840-21c7783af853,peanuts.ing,premium,93.35,93.35,high,low,7,spaceship,,,28/09/2026 02:53
adea0ecd-0aed-4e3b-9944-e533735267bc,rarefy.ing,available,12.98,16.98,medium,low,6,namecheap,,,07/08/2026 15:31
f589e7f2-d259-4c5a-abda-4f678a718094,armillary.ing,available,12.98,16.98,medium,low,9,namecheap,,,06/08/2026 19:44
b7813f76-40f8-47d6-b0d8-19b44c099243,glider.ing,available,14,,high,low,6,unstoppable,,,01/10/2026 02:19
c97babb8-ec2d-4cf6-8f7f-f64ac73c4dc3,leggett.ing,available,10.2,10.2,high,low,7,cloudflare,,,01/10/2026 23:34
996198aa-169b-462a-b817-4981e06b9f24,indolent.ing,available,12.98,16.98,medium,low,8,namecheap,,,17/08/2026 20:53
2401e789-bb90-490c-a06f-ad6aa7d3ee6b,biscay.ing,available,14,,medium,low,6,unstoppable,,,30/09/2026 13:34
6eb6795c-827a-4870-ab68-12ac1781753d,dissolved.ing,available,12.98,16.98,medium,low,9,namecheap,,,14/08/2026 12:56
56b93013-a4b0-41c2-8a1e-68f46129df46,bittie.ing,available,12.98,16.98,medium,low,6,namecheap,,,10/08/2026 07:56
8aa0b7a6-3d2f-4593-b421-c74c8ae20b21,demurely.ing,available,12.98,16.98,medium,low,8,namecheap,,,14/09/2026 11:31
835c923e-4e03-465c-9456-61bd69136f96,wayne.ing,premium,195,195,high,low,5,namecheap,,,19/09/2026 13:47
b8c8bdb9-6807-4e79-b0cd-bca5c0d5aba8,routines.ing,available,10.55,10.55,medium,low,8,spaceship,,,30/09/2026 15:00
bf7ae464-400b-42dc-b178-b14b1910ff11,select.ing,premium,10350.2,10350.2,medium,low,6,spaceship,,,01/10/2026 16:17
c670969f-c440-4518-b347-6632eea35ef3,wounds.ing,premium,65,65,medium,low,6,namecheap,,,25/09/2026 19:23
3c66d67f-3e57-414d-a302-385ee8d09bb8,unassigned.ing,available,12.98,16.98,medium,low,10,namecheap,,,12/09/2026 01:12
b7a7b036-a357-45cc-a32a-810b983b6450,jodi.ing,available,12.98,16.98,high,low,4,namecheap,,,02/10/2026 07:32
cd017cee-b0db-4ae8-9930-c5a4ff48d942,dispatched.ing,available,10.2,10.2,medium,low,10,cloudflare,,,29/09/2026 17:05
002d63e0-c774-430d-9e8a-9c1be26916ac,occupancy.ing,available,10.55,10.55,high,low,9,spaceship,,,02/10/2026 05:49
39b21917-8f36-43b7-be43-92d07405459c,griev.ing,premium,112.5,112.5,medium,low,8,name.com,,,09/08/2026 15:07
1976a1d7-9a5b-4b9d-af35-fc3dc767ea48,capsular.ing,available,12.98,16.98,medium,low,8,namecheap,,,08/09/2026 04:10
4896d393-f59d-4862-992c-b492cd9bec3d,interacting.ing,available,10.55,10.55,high,low,11,spaceship,,,02/10/2026 07:08
e619adf8-56f1-44af-a83f-f1eb1dd1c064,unpredictable.ing,available,14,,medium,low,13,unstoppable,,,28/09/2026 15:57
7be8c4be-cd6c-486f-9a83-08459d8f5bca,illnesses.ing,available,10.2,10.2,low,low,9,cloudflare,,,01/10/2026 18:29
5d2014cb-819f-478c-8856-73becc96fa24,cel.ing,premium,117,117,high,low,3,namecheap,,,02/10/2026 07:18
01d3e4ca-dd5c-4d74-8df0-e666ada2d3dc,innovate.ing,premium,51.95,51.95,high,low,8,spaceship,,,29/09/2026 02:37
a4b548e4-a388-4e73-80ed-57e833d224eb,whereabouts.ing,available,10.81,10.81,high,low,11,porkbun,,,02/10/2026 17:16
530031f5-f251-4390-8540-df9b2bbc0509,assignee.ing,available,18.99,18.99,medium,low,8,name.com,,,20/09/2026 16:23
213bde5c-07e3-4a44-9739-5976a094c644,hugely.ing,available,12.98,16.98,medium,low,6,namecheap,,,14/09/2026 15:49
4d01d645-2481-48e4-912a-4d75fb125adb,cmos.ing,available,10.2,10.2,medium,low,4,cloudflare,,,29/09/2026 04:59
e0523d0c-a74b-4722-8f60-c421994dd686,streak.ing,premium,164.27,164.27,high,low,6,porkbun,,,27/09/2026 11:41
d2a9d937-782c-49c7-8220-903693015ef6,addendum.ing,available,12.98,16.98,medium,low,8,namecheap,,,17/09/2026 06:41
68e4a867-01af-4df4-aafc-93b3878cbfeb,payment.ing,premium,1690,1690,high,medium,7,namecheap,,,02/10/2026 19:44
94d07e7d-00d1-442c-aecd-723478d9bde5,sikkim.ing,available,14,,medium,low,6,unstoppable,,,30/09/2026 02:52
47b74524-641b-4419-b4b4-39bfa10f7aaf,wetlands.ing,available,14,,medium,low,8,unstoppable,,,30/09/2026 14:22
d75428f0-2c62-4fdb-95a1-fff6376fae8c,achievement.ing,premium,93.35,93.35,high,low,11,spaceship,,,28/09/2026 08:12
391f2927-e681-48ff-8c8e-90496b4400b3,fecund.ing,available,12.98,16.98,medium,low,6,namecheap,,,18/08/2026 00:34
9cac2d39-d50e-4071-a200-908e6e100987,consideration.ing,available,10.2,10.2,high,low,13,cloudflare,,,28/09/2026 04:23
46d321e2-7be2-41b4-b9fd-af866031a2ff,beverage.ing,premium,93.35,93.35,high,low,8,spaceship,,,01/10/2026 03:28
de21eadb-6a66-493c-9ac9-df0e08e98da7,aeriform.ing,available,12.98,16.98,medium,low,8,namecheap,,,
c6a15e36-d9bc-4a96-b7c7-a02cbd7a76a4,isoforms.ing,available,10.55,10.55,medium,low,8,spaceship,,,30/09/2026 07:43
f5594b86-ed71-42fc-bbb3-a173bb52b924,intimal.ing,available,12.98,16.98,medium,low,7,namecheap,,,22/08/2026 08:28
cd63ff56-4d69-47ce-9514-081343f07bb9,anaphase.ing,available,12.98,16.98,medium,low,8,namecheap,,,19/09/2026 02:09
3be53f75-fd72-4fd3-a239-35a534c7f719,abstractor.ing,available,12.98,16.98,medium,low,10,namecheap,,,16/09/2026 18:29
bff456d0-c641-45e8-93f3-6dc1bc5239bd,moistly.ing,available,12.98,16.98,low,low,7,namecheap,,,14/09/2026 10:31
63cf45eb-4efc-4294-9f27-9491da10a0b0,objectives.ing,premium,117,117,medium,low,10,namecheap,,,17/09/2026 15:43
5e497257-4f08-4919-971c-02cb8155ece0,citified.ing,available,12.98,16.98,medium,low,8,namecheap,,,12/08/2026 08:47
cd7d4648-5b7f-463b-958e-d156c8878fea,pool.ing,premium,3750,,high,medium,4,name.com,,,29/09/2026 11:12
f2083486-f8ce-4104-bf7d-4b8118d5472b,goya.ing,premium,,,high,low,4,,,,29/09/2026 18:58
9e9138fc-d595-481e-bd1a-1fcfc0cea038,sciolist.ing,available,12.98,16.98,medium,low,8,namecheap,,,14/08/2026 07:43
98d13828-80ea-4790-a091-1e01ea61af51,reedy.ing,available,12.98,16.98,high,medium,5,namecheap,,,09/09/2026 12:26
351700bd-a2c8-461b-97ab-c2bcd7632f33,humanist.ing,available,12.98,16.98,high,low,8,namecheap,,,21/08/2026 14:50
d04b765c-1667-42cc-b00b-ef80c843e62a,ebenezer.ing,available,10.2,10.2,high,low,8,cloudflare,,,30/09/2026 20:11
26dcd049-bc15-4477-aa57-7a8e625e4463,denise.ing,premium,195,195,high,low,6,namecheap,,,25/09/2026 14:19
86f7fd5f-2b86-4b96-8853-0bb64e52ea79,nonviolent.ing,available,10.55,10.55,high,low,10,spaceship,,,02/10/2026 21:47
51ccf156-eef2-4bbb-9b1e-668b505f929d,laureate.ing,available,12.98,16.98,high,low,8,namecheap,,,22/08/2026 20:57
0db0d350-f257-4c32-9729-44cf493ee012,subdued.ing,available,12.98,16.98,medium,low,7,namecheap,,,14/08/2026 07:54
07f9a544-c4ba-482c-9b99-522098a4b6ae,overheated.ing,available,12.98,16.98,high,low,10,namecheap,,,04/09/2026 20:47
f55c8ae0-1be4-4602-9636-b04edd748245,kearney.ing,available,10.55,10.55,high,low,7,spaceship,,,28/09/2026 04:09
8b933b5c-549f-48d2-82ac-8e24bd968985,contributors.ing,available,10.55,10.55,medium,low,12,spaceship,,,02/10/2026 22:30
28d52da9-2b00-4195-bb7d-d49c2c1a177c,steele.ing,premium,93.35,93.35,high,low,6,spaceship,,,28/09/2026 10:56
60dba84c-a2a9-4d9d-9b80-0f02f04f6410,occasions.ing,available,10.55,10.55,high,low,9,spaceship,,,28/09/2026 14:59
759d04fa-6750-4221-a79c-bda6526bb6fa,prince.ing,premium,672.95,672.95,high,low,6,spaceship,,,30/09/2026 07:24
32b7caf8-b7d8-4d17-a0fc-26e5313d0cab,hazard.ing,premium,710.1,710.1,medium,low,6,porkbun,,,28/09/2026 18:59
a05a3d6f-a80d-4805-a74a-8e28c9f5e107,scalic.ing,available,12.98,16.98,medium,low,6,namecheap,,,09/09/2026 22:27
b7bcb453-78d7-4cc5-b3ca-ae862ab43739,ponderous.ing,available,12.98,16.98,medium,low,9,namecheap,,,24/08/2026 11:10
8f0ed75a-c8e9-467b-9820-b2b1d2f65ba7,mayer.ing,premium,195,195,high,low,5,namecheap,,,25/09/2026 09:10
1c466cc1-a36e-4c41-acd0-12b35615efff,hot.ing,premium,1690,1690,high,medium,3,namecheap,,,19/09/2026 15:25
e06e06ab-018f-474b-9f25-19f119ce7a42,bascule.ing,available,12.98,16.98,medium,low,7,namecheap,,,22/09/2026 09:54
1034bd49-190c-45a1-94ab-7f64de9c1c3b,harbour.ing,premium,150.2,,high,low,7,unstoppable,,,29/09/2026 01:13
94f448a7-e264-4861-992f-e308db82de0f,adf.ing,premium,90.2,,high,low,3,unstoppable,,,01/10/2026 06:54
844c82a3-6a6f-43dc-bc9b-ea748654048b,schoolboy.ing,available,14,,high,low,9,unstoppable,,,02/10/2026 06:20
571405d5-a254-4b35-8cee-c93bab880981,xeric.ing,available,12.98,16.98,medium,low,5,namecheap,,,13/09/2026 14:07
b95b2959-c5d7-4686-811e-526e444c0d88,glassed.ing,available,12.98,16.98,medium,low,7,namecheap,,,20/08/2026 14:07
5bb922e4-5826-4ab9-abc9-abc5a8ed90e2,fraternity.ing,available,10.55,10.55,high,low,10,spaceship,,,28/09/2026 14:13
667a7c9e-40c0-4d9e-b8ac-265ab4b014b9,illustrious.ing,available,14,,high,low,11,unstoppable,,,29/09/2026 21:10
278fa74e-0560-42af-bff1-ef0c44d127ad,hama.ing,available,10.81,10.81,medium,low,4,porkbun,,,02/10/2026 00:52
2df5003f-be05-49f5-b807-f3dbc3cd6648,essene.ing,available,12.98,16.98,medium,low,6,namecheap,,,17/08/2026 13:19
6e03fb58-1e4f-4d31-94cd-480b6fcb0991,promotions.ing,premium,155.45,155.45,high,low,10,spaceship,,,02/10/2026 12:57
5881ad3f-aa62-4546-a1ae-5de3f8e82253,aris.ing,premium,362.45,362.45,high,low,4,spaceship,,,02/10/2026 17:55
530ef192-596e-4731-917b-cea81d5d3406,knowledgeable.ing,available,14,16.98,high,low,13,unstoppable,,,29/09/2026 08:34
0bf46e30-8cf0-4f07-973a-4500018d035a,tortious.ing,available,12.98,16.98,medium,low,8,namecheap,,,11/09/2026 17:59
3ef5712a-c457-4810-ab3e-8dacdf6d6fb3,fooling.ing,available,12.98,16.98,high,low,7,namecheap,,,18/08/2026 10:35
854cf7f8-6ab3-4be0-a6dd-22a2b47210f7,amort.ing,available,12.98,16.98,medium,low,5,namecheap,,,
8b2196dc-0f08-4138-a4ec-062cfbb0bf91,anthrax.ing,available,12.98,16.98,medium,low,7,namecheap,,,19/09/2026 13:52
b4d7a72e-48a4-43a0-8ee4-9d1adadd45f3,birdseed.ing,available,12.98,16.98,high,low,8,namecheap,,,23/09/2026 19:50
2b84808d-b58c-4d85-bdef-258ea7a10183,rococo.ing,available,12.98,16.98,high,low,6,namecheap,,,09/09/2026 18:12
e6684a81-33b8-490a-8246-a3966f5344d2,spelling.ing,premium,65,65,high,low,8,namecheap,,,28/09/2026 03:07
e6b77c40-769e-4931-bbc9-f0cc3d9f0307,brahmins.ing,available,12.98,16.98,medium,low,8,namecheap,,,30/09/2026 00:48
0f91cff5-5093-4557-985d-af837bab0b1e,agreeably.ing,available,12.98,16.98,medium,low,9,namecheap,,,13/09/2026 18:22
d3e24727-05bd-446c-907b-ca4e497c299f,dish.ing,premium,1690,1690,high,low,4,namecheap,,,19/09/2026 08:19
5d7887bb-9f83-49f9-8071-59c4fcf0a5a9,respective.ing,premium,93.35,93.35,medium,low,10,spaceship,,,30/09/2026 14:27
034a4509-971c-4c49-8109-f51018cfc047,chervil.ing,available,12.98,16.98,medium,low,7,namecheap,,,19/09/2026 13:55
bc7d39f2-8590-4138-9a58-ffcd28ecbe5a,broccoli.ing,premium,155.45,155.45,high,low,8,spaceship,,,29/09/2026 04:00
391906fb-ae47-475d-99f7-115d46f72515,scott.ing,premium,845,845,high,medium,5,namecheap,,,25/09/2026 05:00
89fe7642-b32a-4d3d-8e44-6c735a9a75b0,venomous.ing,available,12.98,16.98,medium,low,8,namecheap,,,13/09/2026 02:08
aea4426a-feb1-418a-abd3-765738f4612e,marsupial.ing,available,12.98,16.98,high,low,9,namecheap,,,24/08/2026 16:32
456db5e2-5012-4d58-a5d7-1fb4d3316c15,ants.ing,premium,,,medium,low,4,,,,28/09/2026 00:08
94e1b373-5a16-4d3b-b424-83e9e783fa97,barber.ing,premium,3750,,high,low,6,name.com,,,29/09/2026 01:08
31eadf10-b79a-421b-9b50-b79d8de5815d,gujarati.ing,available,12.98,16.98,high,low,8,namecheap,,,30/09/2026 09:59
5f34b021-d26d-4950-a564-f2cf94c47939,burma.ing,available,10.55,10.55,high,medium,5,spaceship,,,29/09/2026 11:49
f5d5f0ad-60a0-4ddf-bd4f-29ce1a9fa32e,pak.ing,premium,672.95,672.95,high,low,3,spaceship,,,28/09/2026 03:33
fbf89aa0-33f1-454c-86a2-5a05cf580748,tattooed.ing,available,14,,high,low,8,unstoppable,,,02/10/2026 17:38
11a59dd3-8eca-47d1-b438-71f4a1a47a8d,aau.ing,premium,98.77,98.77,high,low,3,porkbun,,,30/09/2026 20:29
faff8707-f9fb-4572-9df2-851d38285516,advising.ing,available,10.81,10.81,high,low,8,porkbun,,,29/09/2026 20:50
f29c173b-2993-407d-a193-e23c1e7e79d8,remarkable.ing,available,12.98,16.98,high,low,10,namecheap,,,09/09/2026 13:42
9aa8973d-a624-476c-a9b3-8a87a15d1192,corinthian.ing,available,12.98,16.98,high,low,10,namecheap,,,13/08/2026 01:16
c1ac83c4-6aee-4d9a-a4b9-1ff8908a5f1e,yeller.ing,available,12.98,16.98,medium,low,6,namecheap,,,22/09/2026 17:06
60226d2b-6151-4b76-a6ef-e894be219f6d,xlv.ing,premium,112.5,112.5,medium,low,3,name.com,,,
b0c7b20d-e02a-4c72-aa21-fa257d544d1f,aura.ing,premium,812.5,812.5,high,medium,4,name.com,,,21/09/2026 04:15
762ef213-24ed-4b11-916e-48d01608b621,irony.ing,available,12.98,16.98,high,low,5,namecheap,,,24/09/2026 13:17
b1f2daee-6ecd-4483-b23b-7e4ac3982bed,italians.ing,available,14,,medium,low,8,unstoppable,,,02/10/2026 12:43
17f71238-8f35-4762-9fb5-3e3589f7fe58,setting.ing,premium,117,117,high,low,7,namecheap,,,30/09/2026 04:41
7bd30a7f-a0d7-44b8-8984-4b3a66759d25,sunnily.ing,available,12.98,16.98,medium,low,7,namecheap,,,14/09/2026 06:41
9cbca695-125e-443e-8a96-72418721fe5f,poole.ing,available,12.98,16.98,high,low,5,namecheap,,,25/09/2026 17:31
4683eab9-a76f-4aca-bcb5-2916c5238937,poem.ing,premium,455,455,high,low,4,namecheap,,,25/09/2026 09:59
4f419c19-8ef2-4084-8d59-1598f6d78a4a,rollercoaster.ing,available,16.98,,medium,low,14,namecheap,,,
2c5eb285-6c59-49ad-912a-bb6f6e949a27,massa.ing,premium,,,high,low,5,,,,02/10/2026 17:22
108a0948-04ed-48a5-8e42-63cb180307ff,genetic.ing,premium,437.5,437.5,high,low,7,name.com,,,18/08/2026 21:31
c916a900-501a-49e5-9c60-d24eac60db44,coop.ing,premium,812.5,812.5,high,low,5,name.com,,,13/08/2026 00:15
cf69316a-35a4-4da3-bd3e-c447fa0fa422,obliquity.ing,available,12.98,16.98,medium,low,9,namecheap,,,20/09/2026 18:47
d5b9d463-0ba9-41a7-998d-309751600a7c,webshop.ing,premium,112.5,,high,low,8,name.com,,,
48905a66-f001-4f5e-a095-a40fc94d6d21,friar.ing,available,12.98,16.98,medium,low,5,namecheap,,,24/08/2026 20:10
ed357dc8-752d-45a9-848a-29fe9a432ff3,clancy.ing,available,10.55,10.55,medium,low,6,spaceship,,,28/09/2026 21:20
3fd80574-e74d-4631-acc8-f5f91ec5e319,prefect.ing,available,14,,high,low,7,unstoppable,,,02/10/2026 06:08
924f68a0-278c-447e-b7ed-ba4c15f2ef7a,sicily.ing,available,10.2,10.2,medium,low,6,cloudflare,,,28/09/2026 20:27
25b6c50e-9ca2-4d8b-b20e-c7754773e10c,bali.ing,premium,437.5,,high,medium,4,name.com,,,29/09/2026 00:44
30801970-4151-4a11-9811-982809619697,prior.ing,premium,455,455,high,low,5,namecheap,,,27/09/2026 06:07
285ee732-87d1-4073-bca2-3af62917cff4,azo.ing,premium,112.5,112.5,high,low,3,name.com,,,08/08/2026 02:17
11e367a4-33b2-4b5a-80ce-3b7ca2a1cd96,probe.ing,premium,,,high,low,5,,,,28/09/2026 10:09
091033cd-c405-45d5-99d1-78b0300bfd35,angiology.ing,available,12.98,16.98,medium,low,9,namecheap,,,19/09/2026 06:13
c1e10628-8303-409c-a951-756889296e00,berber.ing,available,12.98,16.98,high,low,6,namecheap,,,23/09/2026 09:07
34e89e50-c425-49af-8979-522a0fdc769e,purging.ing,available,12.98,16.98,high,medium,7,namecheap,,,09/09/2026 06:17
4e50118f-a750-412f-b346-08e0714a637d,jacob.ing,premium,455,455,high,low,5,namecheap,,,25/09/2026 22:52
7a3b7e8e-8b07-4e22-a42b-bcfeacc1b996,undercover.ing,available,10.55,10.55,medium,low,10,spaceship,,,02/10/2026 11:28
1ca814bf-bee8-43e8-83e3-1618aca4edf1,servo.ing,premium,117,117,high,low,5,namecheap,,,10/09/2026 04:57
f4787ae7-a6ee-4b5d-9db5-bb72b7341ffa,adoption.ing,premium,437.5,437.5,high,low,8,name.com,,,17/09/2026 09:43
b9074fc6-d22c-4225-82d4-7ce332ee1384,centralised.ing,available,10.2,10.2,high,low,11,cloudflare,,,02/10/2026 01:46
17537d43-b85c-4e47-a14f-d6d11d607a1e,hesitate.ing,available,10.55,10.55,medium,low,8,spaceship,,,28/09/2026 20:09
ebce9dbd-4f87-4a7f-8719-bee635779bd2,assemblage.ing,available,12.98,16.98,high,low,10,namecheap,,,17/09/2026 17:28
5e43529c-45ea-430d-a7a2-ef864cc02604,asin.ing,premium,65,65,high,low,4,namecheap,,,20/09/2026 14:15
96600250-e962-4c11-aaa1-d2fbaf3a64be,martina.ing,premium,,,high,low,7,,,,29/09/2026 15:21
936eb9b0-3393-46be-9450-1569f8664da8,arcadian.ing,available,12.98,16.98,high,low,8,namecheap,,,06/08/2026 14:10
ec9353b8-95cd-4267-9270-299c7a2a8ce9,eliminat.ing,available,10.55,10.55,medium,low,11,spaceship,,,30/09/2026 14:26
f77378af-59d6-4513-ad40-68e99a91c3fd,team.ing,premium,10350.2,10350.2,high,medium,4,spaceship,,,01/10/2026 03:17
a951bb7a-865a-414c-9e24-24fc5eef2099,burping.ing,available,12.98,16.98,medium,low,7,namecheap,,,23/09/2026 04:38
f27020a7-c018-457e-8fa1-f27473b52efc,tuba.ing,available,12.98,16.98,high,low,4,namecheap,,,22/09/2026 11:52
3a7f0ecf-cb73-4980-87f7-ae2643398573,crowley.ing,available,12.98,16.98,medium,low,7,namecheap,,,27/09/2026 01:51
5bc798fb-d891-4fe2-ad0b-8fc2c1c68467,aggregates.ing,available,10.55,10.55,low,low,10,spaceship,,,28/09/2026 08:51
22731dc1-fb04-49a5-a439-da21ac057447,blockade.ing,available,14,,medium,low,8,unstoppable,,,29/09/2026 01:13
b1b02772-245f-4598-81e9-246a38bd664d,basotho.ing,available,12.98,16.98,medium,low,7,namecheap,,,22/09/2026 11:35
d9728d30-1a52-4cc6-9344-a91e98f8f9f9,kenan.ing,available,10.55,10.55,medium,low,5,spaceship,,,03/10/2026 03:59
a26940f7-49c7-4753-bd02-c247b21ab273,julian.ing,premium,187.5,187.5,high,low,6,name.com,,,22/08/2026 14:19
74d7e295-6319-404f-bfed-84c69847ab2a,tapping.ing,available,14,,high,low,7,unstoppable,,,28/09/2026 20:35
afab91d5-433d-4a89-8d9e-4bcc579ae6c5,upper.ing,premium,437.5,,high,low,5,name.com,,,28/09/2026 09:57
29d2dd56-a8a8-4eb6-8e30-ec7f1641406a,pervious.ing,available,12.98,16.98,medium,low,8,namecheap,,,08/09/2026 18:09
ab878038-7a4b-429a-8485-5b8a150f3dbb,psychiatric.ing,premium,,,medium,low,11,,,,28/09/2026 15:58
76977afd-5fab-411d-a968-f4573eb599e5,specimen.ing,premium,50.2,,high,low,8,unstoppable,,,28/09/2026 03:06
e0fae251-224f-48be-90b8-fbfe3291ceb9,notional.ing,available,12.98,16.98,high,low,8,namecheap,,,12/08/2026 20:01
f6b5c13d-d37f-4522-946c-55c585f6df07,evasion.ing,available,10.55,10.55,high,low,7,spaceship,,,29/09/2026 18:40
388008d7-36f9-49aa-9f14-b607705eb9fe,confirming.ing,available,12.98,16.98,high,low,10,namecheap,,,23/09/2026 19:45
b406d13b-53fc-43b3-bb4e-c9f846d66a74,conductive.ing,available,12.98,16.98,high,low,10,namecheap,,,12/08/2026 20:33
2f044297-7e34-4bcc-b3ae-129dc758cbee,masturbation.ing,premium,,,medium,low,12,,,,30/09/2026 14:21
1b8dd03a-7301-45c7-af74-3dffc8396010,refine.ing,premium,62.5,,high,low,6,name.com,,,30/09/2026 19:53
cab0454a-bc18-4297-80b7-ed119ce11a33,resulting.ing,available,14,,high,low,9,unstoppable,,,29/09/2026 10:42
17fc8fca-5eef-4895-b446-98ebe2713f35,defense.ing,premium,455,455,high,low,7,namecheap,,,29/09/2026 13:31
6e311ff9-db71-433a-9af3-3285ca4c1a04,doug.ing,premium,455,455,high,low,4,namecheap,,,25/09/2026 13:24
2be1e067-42c9-4b7b-ad96-369418e3459e,tracy.ing,premium,90.2,,high,low,5,unstoppable,,,30/09/2026 11:36
73c09e47-026e-4e8f-af3e-bf4362cdc03f,transporting.ing,available,10.2,10.2,high,low,12,cloudflare,,,29/09/2026 14:43
9211852b-9623-403e-8896-1edef768b36e,pussyfoot.ing,available,12.98,16.98,high,medium,9,namecheap,,,10/09/2026 12:24
add28784-35fe-4df1-ac76-bf5568bfacbf,autarkic.ing,available,12.98,16.98,medium,low,8,namecheap,,,07/08/2026 18:47
9bbb1b3e-1fa1-472a-a63b-7ce163488fdd,immorality.ing,available,12.98,16.98,medium,low,10,namecheap,,,17/08/2026 15:04
12deb87a-d628-4990-8cab-14d4fb3cf607,kahn.ing,available,12.98,16.98,high,low,4,namecheap,,,25/09/2026 23:22
d6a159b9-ee92-42be-b355-d56e23b82868,berkeley.ing,premium,455,455,high,low,8,namecheap,,,23/09/2026 09:32
dfcdff4c-d863-407b-8316-1abdd30ca8e0,merlin.ing,premium,,,high,medium,6,,,,28/09/2026 09:44
80f74f41-57f2-41d8-ad60-bf09250e5b1d,providing.ing,available,14,,high,low,9,unstoppable,,,28/09/2026 07:19
f1754bce-34b2-4d84-a5c6-6e2774a385f8,zacatecas.ing,available,12.98,16.98,medium,low,9,namecheap,,,02/10/2026 09:17
c2cb2e47-3ff5-4e4d-b1c9-3959ce01b318,endwise.ing,available,12.98,16.98,medium,low,7,namecheap,,,14/09/2026 15:37
8f8eb15d-bbcf-47dd-826f-a701fc6bcd73,glassless.ing,available,12.98,16.98,medium,low,9,namecheap,,,20/08/2026 14:11
3d0c0a0a-49d9-4046-8e8b-a56afb2f6094,electric.ing,premium,455,455,high,low,8,namecheap,,,24/09/2026 13:44
8a551ae4-da51-48f0-bc13-6c8cc8898323,bergson.ing,available,12.98,16.98,high,low,7,namecheap,,,23/09/2026 09:22
921112d3-ce21-4427-93e7-29924a029ef2,gelid.ing,available,12.98,16.98,medium,low,5,namecheap,,,18/08/2026 21:05
b850ac77-5728-446d-98fd-b3258bb8aef1,moral.ing,premium,455,455,high,low,5,namecheap,,,25/09/2026 21:40
2294e461-2e2e-4763-81e6-09fb97942fa4,fax.ing,premium,3000.2,,high,low,3,unstoppable,,,28/09/2026 14:07
6aa229bf-284e-4b45-88de-d6981d9dcdb2,chalybeate.ing,available,12.98,16.98,medium,low,10,namecheap,,,12/08/2026 01:32
4c6db6fa-ada4-459a-925b-f2ae79946208,diagnose.ing,premium,90.2,,high,low,8,unstoppable,,,30/09/2026 19:11
73b0e813-7d0b-466d-940e-a948aaec2e0d,unequal.ing,available,12.98,16.98,medium,low,7,namecheap,,,22/08/2026 00:15
e8c6a1b2-cd54-4b08-a87b-3f54d9928b0e,spartan.ing,premium,195,195,high,low,7,namecheap,,,19/09/2026 16:49
44bbcee4-0e65-4a99-8585-d3643503326a,shitless.ing,available,12.98,16.98,high,medium,8,namecheap,,,10/09/2026 06:39
7a0fbf42-24ce-4a7d-b6d4-93e35da5a528,unaffected.ing,available,12.98,16.98,high,low,10,namecheap,,,11/09/2026 23:59
3b72b88e-a4c2-4e47-81fa-e81d8d955f6e,mafia.ing,premium,455,455,high,low,5,namecheap,,,24/09/2026 18:28
d8f74c82-348b-49a2-b558-4ded8b26caf5,sunburnt.ing,available,12.98,16.98,medium,low,8,namecheap,,,11/09/2026 01:48
0cc78e66-aed1-4d8a-8927-518aefa84d93,prostatic.ing,available,12.98,16.98,medium,low,9,namecheap,,,09/09/2026 03:53
694c2a72-0c73-4d90-bae7-9cc886a1f0bc,dependable.ing,available,12.98,16.98,high,low,10,namecheap,,,14/08/2026 02:04
564bb069-bf51-402b-bf0f-8ddeae9a67e1,highgate.ing,available,10.81,10.81,medium,low,8,porkbun,,,01/10/2026 07:03
94f47843-3cc1-415f-99f8-5c47798cc16a,rarity.ing,available,12.98,16.98,high,low,6,namecheap,,,24/09/2026 20:28
1ca99d5f-fd90-4560-920f-b599cff32c14,sublimed.ing,available,12.98,16.98,medium,low,8,namecheap,,,11/09/2026 00:03
28483883-0fe8-48b4-afb0-5c321eb31fb3,lifts.ing,available,12.98,16.98,medium,low,5,namecheap,,,29/09/2026 05:05
a9779a31-1270-4c42-a85f-dbad3e91c4e2,surging.ing,available,12.98,16.98,high,low,7,namecheap,,,09/08/2026 21:44
03a0aea0-1cb7-4893-9510-ce7db12e8d6c,undy.ing,premium,112.5,112.5,medium,low,7,name.com,,,13/08/2026 20:04
395a25f8-9bc5-413c-9a12-1d11bf2b5681,anne.ing,premium,455,455,high,low,4,namecheap,,,19/09/2026 10:11
398785ea-d23a-4c7a-8686-278175d93e5d,american.ing,premium,845,845,high,low,8,namecheap,,,22/09/2026 04:09
7708e914-5a95-4e14-ab30-c342693cdb50,cypriote.ing,available,18.99,18.99,medium,low,8,name.com,,,13/08/2026 14:05
206ed594-1c13-4157-bcfb-109bd406deb9,boob.ing,premium,362.45,362.45,medium,low,4,spaceship,,,29/09/2026 03:04
6593ba09-9e8c-4f38-bc94-b9b56ff1582f,manzanita.ing,available,12.98,16.98,medium,low,9,namecheap,,,20/09/2026 01:04
bb6f4ea8-b05c-415e-a408-5df7e3184c10,hormones.ing,premium,51.95,51.95,medium,low,8,spaceship,,,28/09/2026 23:02
008c3677-0a3d-4f9c-9153-c6020c85d8a3,resentful.ing,available,12.98,16.98,medium,low,9,namecheap,,,09/09/2026 14:48
e8c46e99-55f5-48ba-9d2c-5d1c97db36b3,platter.ing,available,10.2,10.2,high,low,7,cloudflare,,,29/09/2026 15:14
c241391a-4df5-40e9-af5d-51c2545620b6,allosaur.ing,available,12.98,16.98,medium,low,8,namecheap,,,18/09/2026 12:04
40608284-6ca4-419d-bac9-b68b5eedf9c0,optic.ing,premium,195,195,high,low,5,namecheap,,,25/09/2026 23:58
94e6688a-9649-43d8-95c0-4319bd6a0a3b,cloistered.ing,available,12.98,16.98,medium,low,10,namecheap,,,12/08/2026 11:48
ababf610-05eb-4978-8812-282009250e81,maggie.ing,premium,117,117,high,low,6,namecheap,,,25/09/2026 11:56
7236325b-67c5-4a7e-ad8a-8ebc306aeb27,spoilt.ing,available,12.98,16.98,medium,low,6,namecheap,,,10/08/2026 14:19
8f5bb41a-b601-48a7-9fdd-24ffc7035b78,crm.ing,premium,,,high,medium,3,,,,01/10/2026 05:32
4f1486e5-9893-43f4-a2ba-dfe72dd31776,sbc.ing,premium,93.35,93.35,high,low,3,spaceship,,,30/09/2026 12:42
fd4d05bf-9863-44ff-9219-38b2e49fa19b,vestal.ing,available,12.98,16.98,medium,low,6,namecheap,,,13/09/2026 04:47
980d0af9-a380-4cd1-aab9-8255c332837f,syncarpous.ing,available,12.98,16.98,medium,low,10,namecheap,,,11/09/2026 06:11
55e30475-6bcd-4390-940f-5b73f626d364,bidet.ing,available,12.98,16.98,high,low,5,namecheap,,,23/09/2026 13:46
cb3a2ce4-3992-4d6c-94a8-e349af2695d9,responsive.ing,premium,195,195,high,low,10,namecheap,,,22/09/2026 06:49
19a604ba-7f3e-4ad6-830d-aeb7ec9fab79,beautifully.ing,available,12.98,16.98,high,low,11,namecheap,,,01/10/2026 18:16
d4189f73-471a-4360-98d9-5ca23655b982,bombing.ing,available,10.81,10.81,high,low,7,porkbun,,,27/09/2026 11:45
69b40fc7-0ca6-4cba-9c71-99d51cbb23ed,sock.ing,premium,455,455,high,low,4,namecheap,,,17/09/2026 21:43
e0684c42-dd0d-456a-be17-1bd0fbee6936,karachi.ing,premium,195,195,high,low,7,namecheap,,,28/09/2026 02:13
36a5db89-4983-4b57-a172-585305050399,lodz.ing,available,14,,medium,low,4,unstoppable,,,03/10/2026 01:31
a06a5dc1-cd2a-4aa7-99fe-631d1a193fb9,writers.ing,premium,845,845,high,low,7,namecheap,,,28/09/2026 04:38
9b6ad9c5-87e8-435f-baf7-384df15a5c70,smetana.ing,available,12.98,16.98,medium,low,7,namecheap,,,22/09/2026 23:32
eafdfc7d-1233-4efa-b51e-cfa0a6f792da,comput.ing,premium,3900,3900,high,low,9,namecheap,,,19/09/2026 12:12
9e4d56dc-c2a6-40f7-b76a-b02cfd2110d2,bless.ing,premium,3750,3750,high,low,8,name.com,,,30/09/2026 15:45
25e763eb-ac19-45d1-918c-eb91122e805e,torre.ing,premium,51.95,51.95,high,low,5,spaceship,,,28/09/2026 03:40
4b07c840-e849-4641-8c7e-c46384f7f7ea,unpatented.ing,available,12.98,16.98,medium,low,10,namecheap,,,12/09/2026 16:29
937dfd09-8561-4fc1-be97-1cab6b3bd255,inez.ing,available,10.55,10.55,medium,low,4,spaceship,,,30/09/2026 05:00
34f9c27e-af13-4f9d-be6d-5941262df8c6,strangle.ing,available,10.2,10.2,medium,low,8,cloudflare,,,30/09/2026 17:32
12dea394-2194-4058-945c-97afcd0a2ede,greenfield.ing,premium,51.95,51.95,high,low,10,spaceship,,,03/10/2026 03:26
fb8600d9-e4a7-4678-b462-e1530d88935d,owing.ing,available,10.55,10.55,medium,low,5,spaceship,,,02/10/2026 19:29
7cbeaa84-63d2-4183-97a6-7b6f9301e6c8,cautious.ing,available,12.98,16.98,high,low,8,namecheap,,,11/08/2026 22:44
31284808-9898-43a1-8b2a-6dd823e737eb,waves.ing,premium,845,845,high,low,5,namecheap,,,25/09/2026 16:36
33b10d1f-2cef-4b7a-8df3-dc04a5125f7f,thracian.ing,available,12.98,16.98,medium,low,8,namecheap,,,11/09/2026 14:10
7a0b8c4a-8591-4c70-96c3-e382f18d14a2,rout.ing,premium,3105.2,3105.2,high,low,7,spaceship,,,30/09/2026 19:31
2cb26758-ed6c-4138-95bf-a37c8fcf3246,impeachment.ing,available,12.98,16.98,medium,low,11,namecheap,,,01/10/2026 13:29
90066af4-dafa-4bf7-a5ec-9e7a95e50118,impatient.ing,available,12.98,16.98,medium,low,9,namecheap,,,21/08/2026 21:53
a9bc589c-9eff-47cc-9cc3-342b32a28fc8,choreography.ing,available,14,,high,low,12,unstoppable,,,01/10/2026 15:29
19f8face-97fe-4d20-9120-daaa09d3296d,histrionic.ing,available,12.98,16.98,medium,low,10,namecheap,,,21/08/2026 09:57
41b40e54-2b10-478f-a0a8-0fc1a8be6911,grail.ing,available,14,,high,low,5,unstoppable,,,01/10/2026 19:50
5124413b-48d2-4c6b-8a8d-8ff12f3c7e22,nacl.ing,premium,50.2,,medium,low,4,unstoppable,,,30/09/2026 22:52
117cb728-1d7d-4206-a3a0-680f5a083b6a,daniela.ing,premium,93.35,93.35,medium,low,7,spaceship,,,02/10/2026 01:34
789977e4-217e-406c-8d78-8db714c1a35f,dedicated.ing,available,12.98,16.98,high,low,9,namecheap,,,23/09/2026 20:41
bd9fcc40-e47a-4b8f-b48e-d4871f180787,olefin.ing,available,12.98,16.98,medium,low,6,namecheap,,,18/09/2026 08:30
16c8e79d-9cd9-4f8f-a7c2-e8ffd8c63eda,excites.ing,available,12.98,16.98,medium,low,7,namecheap,,,20/09/2026 13:19
c7b36bc0-db33-465b-9056-365165af7894,distances.ing,premium,65,65,low,low,9,namecheap,,,30/09/2026 15:36
e65a8962-39d9-4530-9bfa-8640dd529dca,luis.ing,premium,455,455,high,low,4,namecheap,,,25/09/2026 14:41
5e873474-ad7c-487e-8a9c-be078c94e706,forgo.ing,premium,112.5,112.5,high,low,5,name.com,,,18/08/2026 11:51
1a9db25a-0999-4df9-b969-76a43cd23a83,bloated.ing,available,12.98,16.98,medium,low,7,namecheap,,,02/10/2026 07:02
c2c1f760-5803-481a-88ee-a770dac1c9f3,feldman.ing,available,10.55,10.55,medium,low,7,spaceship,,,27/09/2026 20:17
4472501e-397c-4194-8729-fc4831f67468,darlington.ing,available,12.98,16.98,high,low,10,namecheap,,,27/09/2026 06:24
f58644f6-54f3-4927-97d4-13ebdb05179f,inlet.ing,available,10.55,10.55,high,low,5,spaceship,,,03/10/2026 01:17
0d6bf225-b892-461a-8720-6db8e9dbd33c,contingency.ing,available,14,,high,low,11,unstoppable,,,29/09/2026 22:54
bea03520-bbfa-47f0-a358-5a5de6f5ea31,ferocious.ing,available,12.98,16.98,medium,low,9,namecheap,,,18/08/2026 02:05
60e73c84-dfaa-45d7-8c06-3f78478e9633,betsy.ing,available,12.98,16.98,medium,low,5,namecheap,,,27/09/2026 07:40
30718e8f-7cdb-486a-9c20-fac658efce97,contracts.ing,premium,350.2,,medium,low,9,unstoppable,,,28/09/2026 08:33
1a457e8d-53ae-4ecb-affc-bb26bfd19e52,boundless.ing,available,12.98,16.98,high,medium,9,namecheap,,,24/09/2026 08:28
9ce91448-c377-4d73-8150-ecd0df8015bf,promotive.ing,available,12.98,16.98,high,low,9,namecheap,,,09/09/2026 03:13
89e102f0-577d-4e9e-83f7-0f3924a6b86e,yisrael.ing,available,14,,medium,low,7,unstoppable,,,01/10/2026 20:06
9f827640-cec9-4ce9-9695-b0061a475065,nutriment.ing,available,12.98,16.98,medium,low,9,namecheap,,,18/09/2026 07:52
26476c93-3ce5-400f-9e54-c6a67f3d6859,sdk.ing,premium,93.35,93.35,high,low,3,spaceship,,,03/10/2026 02:48
95c647e3-a988-43d2-9155-933d7887a40f,streamlined.ing,available,10.2,10.2,high,low,11,cloudflare,,,01/10/2026 06:16
4796690c-440d-4e2e-9ab1-1c3900d6c8e9,sensibly.ing,available,12.98,16.98,medium,low,8,namecheap,,,16/09/2026 00:35
86633953-f06b-4a91-a4e5-070a84db9baa,nebulizer.ing,available,12.98,16.98,high,low,9,namecheap,,,21/09/2026 00:21
b66320cb-1607-4bb2-9f2d-f59c9376b4d3,greeks.ing,available,10.55,10.55,medium,low,6,spaceship,,,28/09/2026 22:45
ac491766-f24a-4c30-b457-68b357c9e217,zombi.ing,available,12.98,16.98,medium,low,5,namecheap,,,21/09/2026 07:04
ef7d3d38-ac18-434e-b5a4-6b1267bcd205,arawn.ing,available,12.98,16.98,medium,low,5,namecheap,,,20/09/2026 00:29
ce5dc9c9-551e-49f6-87d6-cad02e045d94,overlooked.ing,available,12.98,16.98,high,low,10,namecheap,,,04/09/2026 21:04
b587880c-376c-4129-99b4-17f24626274b,presume.ing,available,10.2,10.2,medium,low,7,cloudflare,,,29/09/2026 00:37
f88a9d38-4e76-44eb-8d36-c2fd657ad701,justices.ing,available,12.98,16.98,medium,low,8,namecheap,,,20/09/2026 11:20
ff2b11be-b880-44e4-b22c-5e6d1c3b4c16,resiny.ing,available,12.98,16.98,medium,low,6,namecheap,,,09/09/2026 15:15
bba7c0ac-5117-42c1-97c7-6173b6113d99,reserve.ing,premium,437.5,437.5,high,low,7,name.com,,,06/08/2026 09:16
ccabca18-16c1-4ca4-b1cb-573f435f4141,bleacher.ing,available,12.98,16.98,medium,low,8,namecheap,,,24/09/2026 05:15
b6033572-98c0-4424-adab-93f67b2faa37,taiping.ing,available,10.55,10.55,high,low,7,spaceship,,,01/10/2026 23:31
4374fdff-4f7e-4950-9cf5-758249297080,borne.ing,available,16.98,,medium,low,5,namecheap,,,
258e5934-f24b-4bfb-b33a-2a91a0df895a,delia.ing,available,12.98,16.98,medium,low,5,namecheap,,,28/09/2026 21:49
08c65ea8-2037-4875-b2fa-2cac2d0d8df1,beingness.ing,available,12.98,16.98,medium,low,9,namecheap,,,23/09/2026 04:19
962d2038-16e9-4227-8fcf-a35abd792634,dubuque.ing,available,10.55,10.55,medium,low,7,spaceship,,,28/09/2026 05:32
48558110-bc12-49fc-a757-81fe667f18f4,susurrant.ing,available,12.98,16.98,medium,low,9,namecheap,,,03/09/2026 11:08
ff1ca09e-045b-44ba-9b27-e2e11ae2f798,pleasure.ing,premium,455,455,high,low,8,namecheap,,,30/09/2026 07:02
3727a151-7b5e-4c05-ad9b-774fd1dd0bb2,bowman.ing,available,12.98,16.98,medium,low,6,namecheap,,,20/09/2026 01:56
c3518668-994d-44d2-a21e-3595252292dc,clients.ing,premium,362.45,362.45,high,low,7,spaceship,,,02/10/2026 22:03
03340b63-0853-48d0-a09c-d6e1065cf711,nagoya.ing,available,10.55,10.55,medium,low,6,spaceship,,,28/09/2026 10:28
590aae1f-ad41-4a42-8d57-138cfbc49668,scores.ing,premium,845,845,high,low,6,namecheap,,,14/09/2026 23:23
ee15ced3-4614-4852-b9a8-69bc5b95c68e,evidenced.ing,available,12.98,16.98,high,low,9,namecheap,,,17/08/2026 15:00
e118c83d-d059-46f5-8903-2a7d22141581,biform.ing,available,12.98,16.98,medium,low,6,namecheap,,,09/08/2026 20:07
e00275c7-f7ba-4244-a03d-7c99274778b6,mania.ing,premium,362.45,362.45,medium,low,5,spaceship,,,29/09/2026 05:42
cd3b6ebe-8769-407d-b57f-63c58b772e6a,turbine.ing,premium,150.2,,high,low,7,unstoppable,,,30/09/2026 03:04
d150e5d2-9750-432c-b975-2414bf1a50f4,harder.ing,premium,195,195,medium,low,6,namecheap,,,26/09/2026 03:10
f8122ecf-751f-4336-927f-ce2d57cda5df,correspondent.ing,available,10.81,10.81,medium,low,13,porkbun,,,29/09/2026 03:16
d513c4cd-e649-41c2-8be1-34c05c099008,liston.ing,available,14,,medium,low,6,unstoppable,,,02/10/2026 04:19
17a985a7-2419-4fda-abc3-f9cbb209e049,doob.ing,available,12.98,16.98,medium,low,4,namecheap,,,21/09/2026 18:37
1812d1d0-2012-493c-aff9-bee51ba44786,supposable.ing,available,12.98,16.98,high,medium,10,namecheap,,,09/09/2026 01:46
0d4f45fb-557f-49a3-86e6-7bd234b45dac,nhtsa.ing,available,10.55,10.55,medium,low,5,spaceship,,,01/10/2026 07:59
76a7694f-bb40-476f-9e4a-0d4685c018f3,drifting.ing,available,12.98,16.98,high,low,8,namecheap,,,14/08/2026 19:13
fc4e99fa-cfd3-43ff-9ec3-1e800f7eb7e3,shocks.ing,available,10.55,10.55,medium,low,6,spaceship,,,01/10/2026 18:17
57833626-0f79-43b4-90cb-55eff266e477,tributary.ing,available,12.98,16.98,high,low,9,namecheap,,,12/08/2026 20:32
e3a36b34-2c88-424c-9d76-ee3bcf82a647,russians.ing,available,12.98,16.98,medium,low,8,namecheap,,,27/09/2026 10:58
5d6c32a4-90e0-4d0d-a006-f76c4574892a,anacardium.ing,available,12.98,16.98,medium,low,10,namecheap,,,19/09/2026 00:59
1ceff1f2-ae87-405d-999c-3432d542cbee,confid.ing,available,12.98,16.98,high,low,9,namecheap,,,12/08/2026 20:45
4ccc3143-7705-4cd9-b48c-148ca3470905,impetuous.ing,available,12.98,16.98,medium,low,9,namecheap,,,11/08/2026 01:36
b5abafb1-9197-4291-b5ea-003ca8506c75,pounds.ing,premium,117,117,medium,low,6,namecheap,,,18/09/2026 01:51
de3569b1-7ad5-4251-9ae9-939ffff9bd84,xxiii.ing,available,12.98,16.98,medium,low,5,namecheap,,,
ae41e269-9fee-4bf4-bd6f-5a1f47fc48cb,attalea.ing,available,12.98,16.98,medium,low,7,namecheap,,,21/09/2026 01:14
e626a48d-a493-44a8-ab78-a4cda0d954eb,karen.ing,premium,195,195,high,low,5,namecheap,,,25/09/2026 08:08
ca3b0ef6-3587-4ead-8bbe-9c04f84bb1ae,jeff.ing,premium,455,455,high,medium,4,namecheap,,,25/09/2026 12:34
2bbea52b-11ef-47ad-bbe0-88e32d68db35,approximate.ing,premium,55.11,55.11,high,low,11,porkbun,,,29/09/2026 08:31
ec24a662-12ef-4946-9be9-713d7fe56b72,filtered.ing,premium,93.35,93.35,high,low,8,spaceship,,,02/10/2026 18:14
c3937138-b94a-42dc-88b3-81a654c96d59,ninefold.ing,available,12.98,16.98,medium,low,8,namecheap,,,03/09/2026 17:31
ad4545d8-a2ff-4ccf-b297-2fa2530ac836,searchable.ing,available,12.98,16.98,high,low,10,namecheap,,,30/09/2026 04:15
d71aa6f5-ea85-42e2-9332-dc6ceaf833ac,flavour.ing,premium,,,high,low,7,,,,01/10/2026 19:33
4549b77d-64ad-4efa-bce4-909c0475af57,win.ing,premium,13000,13000,high,medium,3,namecheap,,,25/09/2026 11:02
3ce40443-2868-4e97-876a-6ddf854ad458,abingdon.ing,available,10.55,10.55,medium,low,8,spaceship,,,28/09/2026 22:10
dcce8cd8-2fb1-4396-8dd5-652e23189fb7,bringing.ing,available,10.55,10.55,high,low,8,spaceship,,,29/09/2026 04:22
d60ec543-54b5-4491-81e8-0927ef26cf81,abode.ing,available,12.98,16.98,high,low,5,namecheap,,,16/09/2026 16:25
ef2bd2a0-be9a-4e2b-a803-5b2eb19e2ba6,liz.ing,premium,455,455,high,low,3,namecheap,,,25/09/2026 14:24
3cb23e11-d9c5-4a56-9534-d60a6a759e41,beefeater.ing,available,12.98,16.98,medium,low,9,namecheap,,,23/09/2026 01:09
e208bd43-70a7-4680-a7e6-74b2a45a2bd8,plated.ing,available,12.98,16.98,high,low,6,namecheap,,,17/09/2026 05:15
a78d355e-bb05-437a-823b-2ed070f7d720,artie.ing,available,10.55,10.55,medium,low,5,spaceship,,,30/09/2026 13:26
dcd389fd-2776-4df1-95ff-0cc3d88a93b0,tinny.ing,available,12.98,16.98,medium,low,5,namecheap,,,11/08/2026 09:06
a2431a88-27cd-4fce-aad7-07957d5796bf,angle.ing,premium,455,455,high,low,5,namecheap,,,25/09/2026 13:22
291c35b7-1f88-4814-b74b-236c5e4dba0a,ballooning.ing,available,12.98,16.98,high,low,10,namecheap,,,21/09/2026 23:14
67fbaf2e-14c1-4303-99aa-5ebb2539e539,amblyopia.ing,available,12.98,16.98,medium,low,9,namecheap,,,18/09/2026 17:11
19123850-c145-48cd-9acc-5715e7f5bdfa,sometime.ing,premium,51.95,51.95,high,low,8,spaceship,,,01/10/2026 13:35
88e2bcaa-eeb7-41ac-83a2-70b0a6d8cb78,prehistoric.ing,available,10.55,10.55,medium,low,11,spaceship,,,29/09/2026 03:08
67fc7385-7fc6-4580-a22c-6ee44e7b9e1d,hedwig.ing,available,14,,high,low,6,unstoppable,,,02/10/2026 09:21
32f4ed02-48c2-459a-a5d3-5159876ae0a7,strain.ing,premium,3105.2,3105.2,medium,low,6,spaceship,,,29/09/2026 22:58
c5b9250a-4267-467a-8c92-1c6f2ac8eaa1,unemployment.ing,premium,90.2,,high,low,12,unstoppable,,,02/10/2026 14:45
949e8cd2-8195-4017-b5ec-ff5ae224ac37,dutchman.ing,available,12.98,16.98,high,low,8,namecheap,,,02/10/2026 04:39
7bb5c057-9a04-4fa0-9395-fe4c56f77f40,toying.ing,available,10.2,10.2,high,low,6,cloudflare,,,29/09/2026 11:35
11ef85a7-ddbf-421a-954c-48cc7fd6f8fd,charleston.ing,premium,350.2,,high,low,10,unstoppable,,,29/09/2026 07:20
b083a845-5885-4773-9e29-adec769179ae,participating.ing,available,10.55,10.55,high,low,13,spaceship,,,02/10/2026 16:08
164bef8b-9008-42c8-8e03-d90d687afa90,sightings.ing,available,10.55,10.55,medium,low,9,spaceship,,,02/10/2026 03:55
ff4ee91a-cb0b-47e3-8545-a44115a23da7,ongoing.ing,premium,65,65,high,low,7,namecheap,,,04/09/2026 13:59
430dfc1a-0857-4426-bc0b-cac99a4e3a07,adoptive.ing,available,12.98,16.98,high,low,8,namecheap,,,
25a246b3-d5f3-465c-9839-684339eed66f,jects.ing,available,10.2,10.2,high,low,5,cloudflare,,,02/10/2026 02:50
2c96827a-e58c-420a-be74-2b0288d5e7a8,villagers.ing,available,14,,medium,low,9,unstoppable,,,29/09/2026 05:33
030ae017-6895-494d-80bc-23957f364b55,pulmonic.ing,available,12.98,16.98,high,medium,8,namecheap,,,09/09/2026 05:55
8f9adfc4-5c85-4c86-9c97-8bb732f92827,wicklow.ing,available,14,,medium,low,7,unstoppable,,,01/10/2026 23:14
57386edc-4f37-431c-b4df-c1a429d33c7d,childbirth.ing,available,12.98,16.98,high,low,10,namecheap,,,12/08/2026 05:00
b3a03f54-5a85-4598-9e19-4c8414b6dded,sheen.ing,available,10.2,10.2,high,low,5,cloudflare,,,02/10/2026 16:44
ac26cc9a-9752-4f02-8b84-d94376233a3b,healthy.ing,premium,672.95,672.95,high,low,7,spaceship,,,01/10/2026 22:45
5485eea4-9a84-48ab-96e3-73512a16d283,iambic.ing,available,12.98,16.98,medium,low,6,namecheap,,,21/08/2026 17:28
20725191-0536-4be8-9eb6-0724f4c08a01,writ.ing,premium,10350.2,10350.2,high,low,7,spaceship,,,02/10/2026 05:32
e150adb8-65d8-4565-aa9b-4c34c20bc6ab,gaining.ing,available,10.55,10.55,medium,low,7,spaceship,,,28/09/2026 11:29
1519ccbf-7678-49b5-9f2f-b25ac939575a,benchmark.ing,premium,845,845,high,low,9,namecheap,,,23/09/2026 07:38
37f75aeb-8c03-43f3-b14c-2ada1e5d6b25,adust.ing,available,12.98,16.98,medium,low,5,namecheap,,,
f00e406e-2fbc-429b-87c9-90211649e0df,moist.ing,available,18.99,18.99,high,low,5,name.com,,,13/08/2026 16:43
fa3b6a2b-2a24-4dae-9938-e7d0c4281f0f,precious.ing,premium,187.5,187.5,high,low,8,name.com,,,12/08/2026 04:19
fe9296ca-857f-48d7-aa1f-9f9fbd33e561,grievances.ing,available,10.2,10.2,low,low,10,cloudflare,,,02/10/2026 01:58
1321222d-9214-4fc8-9f42-3d3f6c5dd82b,scriptural.ing,available,12.98,16.98,medium,low,10,namecheap,,,09/08/2026 18:55
68123b17-fd60-4b34-af76-ffedac14476b,instructor.ing,premium,,,high,low,10,,,,28/09/2026 02:10
5838d801-100b-4630-a81f-32605c4b59aa,ambler.ing,available,12.98,16.98,medium,low,6,namecheap,,,18/09/2026 17:07
48c193ee-eb27-4198-8479-e5758f50a65b,shelf.ing,premium,672.95,672.95,high,low,5,spaceship,,,30/09/2026 02:43
3a9d4b22-a499-4e9a-a177-3ed984e32960,risked.ing,available,10.55,10.55,medium,low,6,spaceship,,,30/09/2026 00:38
ba6cb4e6-aec3-4a10-bd7b-46aea72fe49c,louise.ing,premium,195,195,high,low,6,namecheap,,,25/09/2026 13:47
327383f5-7f09-49a6-9808-3265755d6e3a,britannic.ing,available,12.98,16.98,medium,low,9,namecheap,,,11/08/2026 04:44
574c5592-84f9-4cec-88a4-ac57452c3917,grapevine.ing,available,10.55,10.55,high,low,9,spaceship,,,02/10/2026 05:05
da4117c5-fd34-4d5f-8dee-c856e5f08968,arachnoid.ing,available,12.98,16.98,medium,low,9,namecheap,,,06/08/2026 11:41
2604558b-626b-4203-b70f-efcc69be86b9,towards.ing,premium,150.2,,high,low,7,unstoppable,,,01/10/2026 19:05
5c345814-326c-43fd-b1d9-ad90528e94ab,possessions.ing,available,10.55,10.55,low,low,11,spaceship,,,28/09/2026 17:10
dc9baadc-a934-4992-a1d9-840c79f00be6,unripe.ing,available,12.98,16.98,medium,low,6,namecheap,,,12/09/2026 18:30
b2f5c025-8208-4a2d-b740-88a6be3dcdc0,haverford.ing,available,10.2,10.2,medium,low,9,cloudflare,,,01/10/2026 12:47
4fb3a267-68f1-40fc-8d4c-d760499a59a2,xxviii.ing,available,12.98,16.98,medium,low,6,namecheap,,,
65c51700-9010-41ee-8018-1a37019cda73,stingless.ing,available,12.98,16.98,medium,low,9,namecheap,,,10/09/2026 20:48
cb7c9499-63d1-433b-aa42-fcd926d9a135,dressy.ing,available,12.98,16.98,medium,low,6,namecheap,,,14/08/2026 18:57
ef80cc07-33c5-4222-9041-6f2181abebe4,kristina.ing,premium,50.2,,high,low,8,unstoppable,,,30/09/2026 13:17
31649d4f-4269-4bed-b426-7f722d2a8e08,buttonlike.ing,available,12.98,16.98,medium,low,10,namecheap,,,09/08/2026 03:39
e62df075-5093-4497-88e6-42b0141f2894,review.ing,premium,10000.2,13000,high,low,6,unstoppable,,,29/09/2026 08:58
13baeb0e-7de8-4008-b83c-82b7d384aa8b,underived.ing,available,12.98,16.98,medium,low,9,namecheap,,,12/09/2026 07:29
a56d2493-c10c-46e7-b938-8a38634afd4b,whipp.ing,premium,112.5,112.5,medium,low,8,name.com,,,22/08/2026 20:12
3bced689-a98b-45cd-b586-35de39e743e8,resurrection.ing,available,14,,high,low,12,unstoppable,,,28/09/2026 16:51
4b69ca11-1585-4db7-94b1-7c8c40312d04,nonpublic.ing,available,12.98,16.98,medium,low,9,namecheap,,,03/09/2026 20:20
13906f7e-a9ce-418d-a853-88de41c62064,arauca.ing,available,12.98,16.98,medium,low,6,namecheap,,,20/09/2026 00:22
4a76870a-64b5-4a27-9933-7b0f87be4159,dryness.ing,available,12.98,16.98,high,low,7,namecheap,,,24/09/2026 22:51
75cc01a7-1e29-4965-83f3-576a4b0f57a5,inscribed.ing,available,12.98,16.98,medium,low,9,namecheap,,,17/08/2026 08:24
6f64233d-f54c-42bd-96aa-4b9378dc0931,windflower.ing,available,12.98,16.98,high,low,10,namecheap,,,19/09/2026 05:19
56f8e30f-0bc5-436c-a53c-7f38646578cc,bute.ing,available,14,,medium,low,4,unstoppable,,,29/09/2026 22:36
f52f2054-a0c0-44da-8d95-51cb56d16b15,mules.ing,available,10.2,10.2,high,low,5,cloudflare,,,29/09/2026 21:20
ae2756b2-85eb-42a3-8289-dac63f0f9bf9,mortgaged.ing,available,12.98,16.98,medium,low,9,namecheap,,,25/08/2026 06:38
ad3c3be4-7e4d-44d1-b8db-4500bade2820,unfeasible.ing,available,12.98,16.98,medium,low,10,namecheap,,,21/08/2026 22:56
32781be2-d774-464f-ba58-d74ced1edb8b,relates.ing,available,10.55,10.55,medium,low,7,spaceship,,,01/10/2026 00:18
e38af3f9-296a-436d-929c-b78b3894dee3,fonts.ing,premium,455,455,medium,low,5,namecheap,,,20/09/2026 22:56
29143165-57a5-4cee-b314-bc764f15a695,epizoon.ing,available,12.98,16.98,medium,low,7,namecheap,,,15/08/2026 00:52
8efe4712-bf13-4dbe-91ca-1b932eee1456,endurable.ing,available,12.98,16.98,medium,low,9,namecheap,,,09/08/2026 04:33
e5f0b249-ffff-445d-ac3b-ad1e1f02ae9f,precolumbian.ing,available,10.2,10.2,medium,low,13,cloudflare,,,02/10/2026 21:03
db22b0a8-d7f2-4ac1-94eb-cdc0c801c83f,goddam.ing,available,12.98,16.98,medium,low,6,namecheap,,,10/08/2026 12:44
6d8861c6-198a-4544-9155-6a6623c86559,macbook.ing,available,12.98,16.98,high,high,7,namecheap,,,02/10/2026 02:30
bdcd1a84-987c-4529-b0b1-95cac812e3c3,nda.ing,premium,117,117,high,low,3,namecheap,,,01/10/2026 23:16
90a61d34-5365-4c27-8639-0338b0ce4dee,shook.ing,available,10.2,10.2,medium,low,5,cloudflare,,,28/09/2026 20:26
192702bc-8400-4a1c-bf29-aacdf94b1593,hir.ing,premium,,,high,low,6,,,,28/09/2026 08:27
f71f7390-1b18-48d9-b021-edba6a86e234,awed.ing,available,12.98,16.98,medium,low,4,namecheap,,,08/08/2026 00:44
3f102bce-bf4c-4ab7-a71f-5ee73de3f5f6,becalmed.ing,available,12.98,16.98,medium,low,8,namecheap,,,09/08/2026 06:03
bf45cbf6-c205-4174-92fd-d770cc956c77,danced.ing,available,12.98,16.98,medium,low,6,namecheap,,,27/09/2026 10:43
eb628d69-49db-444d-a0e4-83e250e7e97d,wailing.ing,available,12.98,16.98,medium,low,7,namecheap,,,22/08/2026 19:04
9b7924bd-a686-44ec-bcec-313275b3a7bb,verbal.ing,premium,90.2,,high,low,6,unstoppable,,,28/09/2026 10:13
61ae1ae2-1e5a-4f7d-bf7f-f8adac771db1,passing.ing,available,12.98,16.98,high,low,7,namecheap,,,24/09/2026 14:24
7e648d0d-0090-43ad-9c19-ae45580946c6,crybaby.ing,available,12.98,16.98,medium,low,7,namecheap,,,23/09/2026 06:47
f8bd9fef-45f5-46e0-ab7e-d8514bb4cc22,banner.ing,premium,437.5,437.5,high,low,6,name.com,,,08/08/2026 13:53
ae7220ff-2d4b-4e01-aaa4-f439ee4ae432,modestly.ing,available,12.98,16.98,medium,low,8,namecheap,,,15/09/2026 15:13
6e81f24c-1b0a-4f92-8d43-e4cf45c73bfd,hugh.ing,premium,117,117,high,low,4,namecheap,,,28/09/2026 03:49
947a6927-2334-4c2d-9b53-f3e80f3132a5,whisper.ing,premium,3900,3900,high,low,10,namecheap,,,13/09/2026 11:38
d0eff557-d624-4462-bc39-d4ae827c4853,difference.ing,premium,455,455,high,low,10,namecheap,,,29/09/2026 14:33
5f2b21a1-8dc2-4ff5-98c0-c1ca0b96707a,german.ing,premium,812.5,812.5,high,low,6,name.com,,,18/08/2026 22:44
e6d6bb88-4216-4ac2-b8e2-511796e3bfd6,vicar.ing,available,10.55,10.55,high,low,5,spaceship,,,02/10/2026 17:05
1c3872bf-5ed4-4803-97e3-93d13e8be933,omnipotent.ing,available,12.98,16.98,high,low,10,namecheap,,,
4c111ffe-08e3-4223-81b6-0711415a79c0,gender.ing,premium,650.2,,high,low,6,unstoppable,,,28/09/2026 14:16
d95fbe88-3005-4127-8f77-e6d5ddcc69f9,adjunction.ing,available,12.98,16.98,medium,low,10,namecheap,,,17/09/2026 08:25
501a55b0-e0f1-4286-a752-af5383573b46,patchy.ing,available,12.98,16.98,medium,low,6,namecheap,,,08/09/2026 10:20
412d745a-8123-485a-92ac-5949c0d07752,omen.ing,available,12.98,16.98,high,low,4,namecheap,,,27/09/2026 07:13
d72290dc-5ce1-4e98-9812-dc5da065d24e,hurrying.ing,available,12.98,16.98,medium,low,8,namecheap,,,21/08/2026 15:47
a7222a3e-6917-405e-a69d-5c374509fcbf,cta.ing,premium,93.35,93.35,high,low,3,spaceship,,,29/09/2026 22:44
46007549-7355-4179-a12f-6bdb9e59eea3,clarence.ing,premium,93.35,93.35,high,low,8,spaceship,,,27/09/2026 12:32
bc243e04-275c-4571-b730-2ca2aba10aac,plumbing.ing,premium,65,65,high,low,8,namecheap,,,22/09/2026 13:57
b8e3f0a7-d6a5-487c-a748-ac9c5cefb245,futurity.ing,available,12.98,16.98,high,low,8,namecheap,,,18/08/2026 19:11
ee208395-eab5-43bf-a09f-fe3269936019,puff.ing,premium,1690,1690,high,low,4,namecheap,,,09/09/2026 05:34
36da7457-c558-41bf-8091-f0474252bd00,chilled.ing,available,10.55,10.55,high,low,7,spaceship,,,30/09/2026 12:12
a0884bfc-7622-499b-add5-4bc5bfec16aa,unsure.ing,available,12.98,16.98,medium,low,6,namecheap,,,22/08/2026 01:08
2e695e96-0d72-4ccb-b562-8bb205746ba2,senator.ing,premium,195,195,high,low,7,namecheap,,,26/09/2026 00:17
9e7612dc-f8d0-4347-8c9b-044bfff3d1c2,cache.ing,premium,,,high,low,5,,,,01/10/2026 01:15
a1a1dc48-6514-4b68-b9b3-3e6cf1f73532,lexical.ing,available,12.98,16.98,medium,low,7,namecheap,,,23/08/2026 00:42
3432744b-c9b0-47a3-96c4-9aeac95b2ffb,armstrong.ing,premium,117,117,high,medium,9,namecheap,,,20/09/2026 07:49
6ced9949-c04b-4473-a37a-9ef14dedbdb5,bid.ing,premium,1419.68,1419.68,high,low,3,porkbun,,,29/09/2026 02:29
a514bfd9-7616-47f1-b5f6-bed1077e2483,shapely.ing,available,12.98,16.98,high,low,7,namecheap,,,10/09/2026 05:57
46596dba-d163-487d-a6ef-632afddb45ea,badly.ing,premium,117,117,medium,low,5,namecheap,,,22/09/2026 16:07
5ee80da2-3a08-4f7b-935e-99321a27a4b3,organized.ing,premium,155.45,155.45,high,low,9,spaceship,,,03/10/2026 00:27
d025d005-31b9-45be-8573-4ce02574d2ab,indira.ing,available,10.2,10.2,medium,low,6,cloudflare,,,29/09/2026 22:36
05f07535-5436-46d9-bbc2-c44e3a169dc5,institutions.ing,available,10.55,10.55,medium,low,12,spaceship,,,29/09/2026 16:24
dc1f1204-a3bf-48a6-8aa8-735642a8f9b0,louder.ing,available,14,,high,low,6,unstoppable,,,28/09/2026 08:31
4dd52854-aa70-47e5-bd69-5d306cb782c7,spouse.ing,premium,117,117,high,low,6,namecheap,,,23/09/2026 11:39
8445f0ff-4c36-4d0d-af7c-779b188be73b,jutting.ing,available,12.98,16.98,medium,low,7,namecheap,,,22/08/2026 14:44
064a45ff-66d1-440a-99bd-05585cd34949,lesbian.ing,premium,812.5,812.5,high,low,7,name.com,,,23/08/2026 00:15
e65ad00c-c9eb-4d52-a994-0bfc39dd1969,graphics.ing,premium,455,455,high,low,8,namecheap,,,28/09/2026 22:24
b09ed9f0-d705-47b0-b11c-9f99b2cef6f7,start.ing,premium,10350.2,10350.2,high,low,5,spaceship,,,28/09/2026 00:44
a7ce8bff-1f86-47cd-be59-4200225ea228,promising.ing,available,12.98,16.98,high,low,9,namecheap,,,27/09/2026 07:28
9748bb05-59d8-4498-979f-624e86be2752,antiacid.ing,available,12.98,16.98,medium,low,8,namecheap,,,22/09/2026 05:47
3ae39150-2851-4088-b823-ae7cea092347,literacy.ing,premium,93.35,93.35,high,low,8,spaceship,,,30/09/2026 02:09
c0608187-4092-4dc8-a270-5b51faca8d07,magdeburg.ing,available,10.55,10.55,medium,low,9,spaceship,,,29/09/2026 09:34
e7af6475-2030-4f38-843d-9bbafc43fee0,sane.ing,available,12.98,16.98,high,low,4,namecheap,,,19/09/2026 15:46
77618141-8051-4d8d-b016-faaf59b50fef,qtips.ing,available,12.98,16.98,medium,low,6,namecheap,,,17/09/2026 10:12
e73f7bac-6524-4244-83e3-b01792ae5d57,barrage.ing,available,12.98,16.98,medium,low,7,namecheap,,,22/09/2026 07:57
72e1cbf6-feec-4e04-b4e9-cbba13705fac,snor.ing,premium,350.2,,high,low,7,unstoppable,,,02/10/2026 06:26
a096b8b5-7fbd-4ce9-a7df-0f4794287fee,dragons.ing,premium,382.61,382.61,medium,low,7,porkbun,,,28/09/2026 12:57
b60f1c78-b0d0-45b9-a97c-bf2494cbab60,mendacious.ing,available,12.98,16.98,medium,low,10,namecheap,,,24/08/2026 20:04
8d5a8eab-9cf2-4fae-aa19-96cd8307a51c,cuban.ing,premium,437.5,437.5,high,low,5,name.com,,,13/08/2026 09:47
9b8739e4-06d1-4bac-8745-71138a6138a7,finding.ing,premium,117,117,high,low,7,namecheap,,,19/09/2026 14:57
6c2e83d4-fdc8-45db-abbb-d84a202efe59,hormonal.ing,available,12.98,16.98,high,low,8,namecheap,,,21/08/2026 14:02
fb84c707-2c50-4352-ba1a-84456c82f091,aerobe.ing,available,12.98,16.98,medium,low,6,namecheap,,,17/09/2026 12:54
03ad2fc4-d428-4c6f-8d57-7a749d3ebc46,antido.ing,available,12.98,16.98,medium,low,6,namecheap,,,19/09/2026 14:17
d4ecc557-ceb4-4812-a529-f03ca4c2fc57,umi.ing,premium,93.35,93.35,medium,low,3,spaceship,,,01/10/2026 17:12
4f32e038-7ea0-4d63-8ddd-1a2c5901632d,cnbc.ing,available,10.55,10.55,high,medium,4,spaceship,,,02/10/2026 00:50
fa8192da-112d-4859-a7b9-f51af566d1cc,backs.ing,premium,117,117,medium,low,5,namecheap,,,18/09/2026 06:41
2e28c250-52d0-4abf-b47e-e31de10c2402,mound.ing,available,10.2,10.2,medium,low,5,cloudflare,,,29/09/2026 06:29
4c9d43ba-4086-482e-8fd2-2ab9d608fe4c,gears.ing,premium,187.5,,medium,low,5,name.com,,,
4a26e7d1-7ea2-4839-907e-b6efae06c9f1,bulldog.ing,premium,195,195,high,low,7,namecheap,,,24/09/2026 11:08
81580555-64c2-4a12-8eec-be746f535006,spas.ing,premium,117,117,medium,low,4,namecheap,,,18/09/2026 21:33
eabd58c7-930b-45a9-ac8c-bb98dbc9b084,mohammedan.ing,available,12.98,16.98,medium,low,10,namecheap,,,25/08/2026 03:23
e114d437-5722-4d6a-bc0c-9fcfd9ad941e,brent.ing,premium,90.2,,high,low,5,unstoppable,,,28/09/2026 05:19
9861b518-fe79-411a-a3a7-9d26ac81e146,visionary.ing,available,12.98,16.98,high,low,9,namecheap,,,13/09/2026 06:13
c4aa8098-c9e9-4f15-a6bc-015a50ed8188,aeonium.ing,available,12.98,16.98,medium,low,7,namecheap,,,17/09/2026 12:40
a63a9af5-9f21-460f-937d-dc4af9a6fc12,shouted.ing,available,10.55,10.55,high,low,7,spaceship,,,27/09/2026 21:20
ab9864ae-e2ca-4a9d-b5c1-ba968320ae93,asteraceae.ing,available,12.98,16.98,medium,low,10,namecheap,,,20/09/2026 17:03
c27cc4a7-ec91-4e6f-b85f-00c21752d9df,xxix.ing,available,12.98,16.98,medium,low,4,namecheap,,,
cc7ebf2a-81d4-4535-9d30-d33398b8a712,barbwire.ing,available,12.98,16.98,medium,low,8,namecheap,,,22/09/2026 04:47
e01316af-e29e-419c-98c6-b28bff1fc9f8,steakhouse.ing,available,12.98,16.98,high,low,10,namecheap,,,24/09/2026 14:46
2e92b6b2-56da-4866-993c-b13f88fd9da1,anthyllis.ing,available,12.98,16.98,medium,low,9,namecheap,,,19/09/2026 14:04
d22ac8dc-1e1a-4618-9ac5-feb94bce6b0b,negotiation.ing,premium,90.2,117,high,low,11,unstoppable,,,30/09/2026 19:24
897d89cb-ab02-44b6-a163-505b84da22c8,absolutist.ing,available,12.98,16.98,high,low,10,namecheap,,,
fc7af1c5-3d55-4f33-843d-7b54265ba28e,juices.ing,available,10.55,10.55,medium,low,6,spaceship,,,02/10/2026 22:51
90bcefa3-2e53-4e37-8fde-6dea9d7ca33d,atonality.ing,available,12.98,16.98,medium,low,9,namecheap,,,21/09/2026 00:25
c07d5d60-ff6f-4d2d-a75a-fa9af8c8de67,blackwood.ing,available,18.99,18.99,medium,low,9,name.com,,,24/09/2026 03:25
d3021173-09b6-494e-8e33-42f71e7546b6,subtropic.ing,available,12.98,16.98,medium,low,9,namecheap,,,10/09/2026 03:34
018f6d6a-ff1f-4d40-8694-f41e5d3676e2,fastest.ing,premium,455,455,high,low,7,namecheap,,,14/09/2026 17:49
8364fd1c-e239-42e2-93f6-6c40671a31b4,coating.ing,premium,51.95,51.95,high,low,7,spaceship,,,30/09/2026 01:04
f722f98b-e159-4559-a946-39ba33004db0,storylines.ing,available,10.2,10.2,medium,low,10,cloudflare,,,01/10/2026 00:32
bba9ff69-ce54-4173-bb7b-4b6a71582f42,centroidal.ing,available,12.98,16.98,medium,low,10,namecheap,,,12/08/2026 00:18
3c8a7681-14b1-408e-8360-e310f8b0c740,debra.ing,available,10.55,10.55,medium,low,5,spaceship,,,28/09/2026 16:29
5a42be47-ad4b-4808-bf68-464fe04cce70,quiver.ing,premium,195,195,high,low,6,namecheap,,,11/09/2026 19:15
f2c43a27-6445-419e-87d9-d2c4716b7656,humped.ing,available,12.98,16.98,medium,low,6,namecheap,,,13/08/2026 07:40
97c4101b-6a8f-4fe5-b465-58944fa6be86,jawless.ing,available,12.98,16.98,medium,low,7,namecheap,,,22/08/2026 12:34
fbf4c002-7a52-4cb1-8b64-e97a11e4177d,apoplexy.ing,available,12.98,16.98,medium,low,8,namecheap,,,19/09/2026 19:09
9f833fa6-b7da-4cdd-a3b7-dc5707593022,sellable.ing,available,12.98,16.98,high,low,8,namecheap,,,24/08/2026 20:28
f5005dd4-fdbd-4a36-b799-1e3f048117ec,rapper.ing,premium,,,high,low,6,,,,30/09/2026 09:22
7bca0b60-bc6a-4c41-b921-fb0998b59964,standard.ing,premium,845,845,high,high,8,namecheap,,,27/09/2026 10:37
bce5ebd4-004e-4436-87eb-12dbd15f0d2e,ritual.ing,premium,455,455,high,low,6,namecheap,,,09/09/2026 18:01
fa16d42a-828a-413a-8af6-487e17948842,strongest.ing,premium,50.2,,medium,low,9,unstoppable,,,28/09/2026 12:52
500da61a-215d-4acb-9503-bcbbc3cae9c9,scipio.ing,available,10.55,10.55,medium,low,6,spaceship,,,29/09/2026 13:43
99ec1f7c-1585-4979-b47b-3d2a078fd37d,bounden.ing,available,12.98,16.98,medium,low,7,namecheap,,,10/08/2026 21:56
68352c84-59e5-48d1-aa9a-3228ffe5533c,aleve.ing,available,12.98,16.98,medium,low,5,namecheap,,,17/09/2026 15:07
f6cc6da1-231c-4e5c-82f0-b3da47c1b4a0,bleeding.ing,available,12.98,16.98,high,low,8,namecheap,,,24/09/2026 05:28
c8242d90-4e43-4d71-ae69-7b8cb9fba322,periodically.ing,available,10.55,10.55,medium,low,12,spaceship,,,30/09/2026 14:44
fccf1520-5aa1-49b9-ac84-b5c44f555300,brassiere.ing,available,12.98,16.98,high,low,9,namecheap,,,22/09/2026 01:02
31176be5-662d-4375-b837-c81155068ced,chongqing.ing,available,14,,medium,low,9,unstoppable,,,30/09/2026 09:09
92ec6a32-3474-4093-b5d4-49bf1ba2d3c5,mandy.ing,premium,155.45,155.45,medium,low,5,spaceship,,,28/09/2026 17:34
1d720e18-48e8-40e7-ad18-4dfd41bba51a,legion.ing,premium,187.5,187.5,high,low,6,name.com,,,25/09/2026 13:28
ca8ad25b-92ff-4e4a-88c9-1c7970f4a25b,odi.ing,premium,93.35,93.35,high,low,3,spaceship,,,30/09/2026 03:42
4f8b4013-2821-452e-9fc2-f570faa20ca7,epp.ing,premium,362.45,362.45,high,low,3,spaceship,,,02/10/2026 07:59
6877080b-47b5-4941-aeb4-8b3bea40ece4,sobeit.ing,available,12.98,16.98,low,low,8,namecheap,,,16/09/2026 13:51
133b35f0-278d-4165-8d14-778402da2b34,oto.ing,premium,93.35,93.35,high,low,3,spaceship,,,02/10/2026 16:17
9f3c39a3-6860-4f2b-8a8d-9949eeba8fa6,paige.ing,premium,117,117,high,low,5,namecheap,,,27/09/2026 04:38
1bbffcf4-7c00-4166-b165-73b628243078,magazines.ing,premium,195,195,medium,low,9,namecheap,,,18/09/2026 18:19
3ed3d982-7065-4640-b20c-8fd701f22e24,aigina.ing,available,12.98,16.98,medium,low,6,namecheap,,,17/09/2026 12:15
37769b31-39ee-4f8a-8455-7f74624cc07c,ch.ing,premium,,,medium,low,5,,,,29/09/2026 08:53
870f89e7-b8f4-4f18-afb9-811f373bfdc8,modesty.ing,available,10.2,10.2,high,low,7,cloudflare,,,30/09/2026 04:51
a4416fa6-b127-44c3-bae9-d6563d3d9726,counsellor.ing,available,10.55,10.55,high,low,10,spaceship,,,29/09/2026 18:29
0340ed11-359b-4ba9-8acf-03d215d7a10d,pretorial.ing,available,12.98,16.98,high,medium,9,namecheap,,,09/09/2026 01:02
6ef082a2-ccf8-4cf8-8ce0-960661669d03,feline.ing,premium,62.5,62.5,high,low,6,name.com,,,18/08/2026 00:53
ba81a1f4-0631-4e7c-9164-20cd5a3cb7c5,corrode.ing,available,12.98,16.98,medium,low,7,namecheap,,,09/09/2026 20:10
986a9c22-e112-4c39-a774-a76833a58018,limpkin.ing,available,12.98,16.98,medium,low,7,namecheap,,,19/09/2026 23:59
b4d80f5e-f4ad-4599-ac17-08b8c4a77675,bennet.ing,available,12.98,16.98,high,low,6,namecheap,,,23/09/2026 08:30
0c1c9ce0-01a2-47b8-a918-92a44ff42c91,inheriting.ing,available,12.98,16.98,medium,low,10,namecheap,,,22/08/2026 05:04
32a1e357-78ea-445d-917c-7bbc1943beb6,unpleasant.ing,available,12.98,16.98,medium,low,10,namecheap,,,12/09/2026 16:58
4e18e024-962a-4b4c-bec7-31298a447c2e,vocal.ing,premium,195,195,high,low,5,namecheap,,,26/09/2026 03:23
c3e8b8d8-1d70-4891-ab69-adc8bd12fa78,bine.ing,available,12.98,16.98,high,low,4,namecheap,,,23/09/2026 17:13
efa0f34b-4ea3-4e7c-8747-2a166bb20333,workshop.ing,premium,362.45,362.45,high,low,8,spaceship,,,28/09/2026 11:07
49d77c9c-abf7-49cf-aca0-bc7c6868ba90,uncaring.ing,available,12.98,16.98,medium,low,8,namecheap,,,12/09/2026 00:02
1a564cc7-76d3-45cb-96d7-654191975696,assistance.ing,premium,455,455,high,low,10,namecheap,,,17/09/2026 20:44
93bf7621-eb1d-4caf-9454-ab0a4e036f40,apatura.ing,available,12.98,16.98,medium,low,7,namecheap,,,19/09/2026 16:22
61834c51-d69b-4414-bebe-7fd854e8516f,dashboard.ing,premium,672.95,672.95,high,medium,9,spaceship,,,30/09/2026 16:56
78f13ce3-2b94-4e4e-9817-e18e2752f13e,neutered.ing,available,12.98,16.98,medium,low,8,namecheap,,,03/09/2026 16:35
54284f7f-df70-45f6-8904-e8fd9bd5ccb3,turds.ing,available,12.98,16.98,low,low,5,namecheap,,,18/09/2026 11:32
84f88e7e-33aa-4361-890d-4c1e9f2ab827,rump.ing,available,12.98,16.98,medium,low,4,namecheap,,,09/08/2026 11:28
aee88aa5-5579-4807-8b84-23d901629cfc,stationed.ing,available,10.2,10.2,medium,low,9,cloudflare,,,28/09/2026 17:32
ea35d72f-6a30-4a43-847c-4b7864486a06,salvific.ing,available,12.98,16.98,high,medium,8,namecheap,,,09/09/2026 21:03
d680ed74-b55d-49a2-9b17-78d749b9fd0b,rogue.ing,premium,362.45,362.45,high,low,5,spaceship,,,30/09/2026 01:40
0feeba6c-deca-41dd-9626-b6f0458f0627,equipt.ing,available,12.98,16.98,high,low,6,namecheap,,,17/08/2026 11:53
74744a20-386e-4594-bf1c-c7a15a24aba5,virginity.ing,available,10.55,10.55,high,low,9,spaceship,,,29/09/2026 20:35
9764b459-6d62-4071-a475-a9857470c84d,nunavut.ing,available,14,,medium,low,7,unstoppable,,,02/10/2026 05:58
f646adfa-71ed-4148-899b-ec0a0975712e,sudsy.ing,available,12.98,16.98,medium,low,5,namecheap,,,22/08/2026 20:37
2a8e4da5-04d8-48df-9c71-14cefbe4b2ab,pressures.ing,available,10.2,10.2,medium,low,9,cloudflare,,,30/09/2026 00:28
39cfdc89-4d3d-46d2-b90b-f5dea7b4904b,ama.ing,premium,672.95,672.95,high,low,3,spaceship,,,01/10/2026 05:09
abd1f9af-a759-426f-844e-c4338d288e4a,religions.ing,available,12.98,16.98,medium,low,9,namecheap,,,30/09/2026 15:01
a4d07216-45c9-4c31-bb9c-d8396ba3145f,accident.ing,premium,362.45,362.45,medium,low,8,spaceship,,,28/09/2026 17:24
182fd910-770a-45f2-bd7a-2e8f94da8556,slimy.ing,available,12.98,16.98,medium,low,5,namecheap,,,14/08/2026 04:03
4e8e4b41-8c40-4aa9-b85d-ed198b589412,conditions.ing,premium,437.5,,high,low,10,name.com,,,28/09/2026 10:19
79bf4d40-01b7-452e-864c-6e52555d3e3c,crowded.ing,available,12.98,16.98,high,low,7,namecheap,,,24/09/2026 02:10
fff9f2cc-f177-4348-a508-a3c5e09d9dc5,acores.ing,available,12.98,16.98,medium,low,6,namecheap,,,17/09/2026 02:16
49a6f00c-4171-4e63-9553-c41a339c4ccf,unordered.ing,available,12.98,16.98,medium,low,9,namecheap,,,12/09/2026 16:18
123e22c0-d311-4315-8c25-27901507cd65,augmented.ing,premium,90.2,112.5,high,low,9,unstoppable,,,02/10/2026 20:48
10c760fe-692a-4b4b-8eb0-62523c46b64c,organised.ing,available,12.98,16.98,high,low,9,namecheap,,,26/09/2026 00:28
d73e39fc-52f3-4c4a-abb3-f85e18396b96,quelled.ing,available,12.98,16.98,medium,low,7,namecheap,,,09/09/2026 08:24
9d5063c4-02cc-45cc-ab84-100164793b42,mcu.ing,premium,,,high,low,3,,,,03/10/2026 04:05
35432f60-3e7a-41fa-a68c-13ef7f56bb5d,aldol.ing,available,12.98,16.98,high,low,5,namecheap,,,18/09/2026 04:25
b9811a5a-2531-4792-98ec-56e9b70be453,airily.ing,available,12.98,16.98,medium,low,6,namecheap,,,13/09/2026 18:31
583bc74e-617d-4c7b-ac08-011709422ed7,hackneyed.ing,available,12.98,16.98,medium,low,9,namecheap,,,08/08/2026 10:56
ab4c15fb-fd1f-460c-9055-84d5fb2921a1,poetry.ing,premium,455,455,high,low,6,namecheap,,,25/09/2026 10:00
b16680e3-9280-4ecc-8d8d-4b57c56ad1a7,tessa.ing,available,10.55,10.55,high,low,5,spaceship,,,30/09/2026 04:17
a3bc938f-6d3d-49b9-b6fc-daaf3ed7e3cc,severed.ing,available,18.99,18.99,medium,low,7,name.com,,,13/08/2026 12:32
fdd1f27d-1d8c-4aec-a2a4-62d5ba19ca24,unipolar.ing,available,12.98,16.98,medium,low,8,namecheap,,,12/09/2026 13:46
3655d860-0a1a-47ac-bf2d-0175c6ca134d,dynamic.ing,premium,455,455,high,low,7,namecheap,,,24/09/2026 12:41
6de04703-40d1-4147-a451-77e5b2c1abe2,overdress.ing,available,12.98,16.98,medium,low,9,namecheap,,,21/09/2026 01:53
ff9cb7cf-2ca2-4620-8dca-c8e7d64c381c,holes.ing,premium,93.35,93.35,high,low,5,spaceship,,,03/10/2026 03:29
3bb9d246-b3df-4dca-be62-848e42bc2b83,gardens.ing,premium,150.2,,medium,low,7,unstoppable,,,28/09/2026 13:13
34e7e945-df8f-4db2-9f21-f24d813a0ddd,yoga.ing,premium,1690,1690,high,low,4,namecheap,,,28/09/2026 06:53
b56c45da-1a25-4a92-8349-a522f1eb57cb,diagnostic.ing,premium,437.5,437.5,high,low,10,name.com,,,14/08/2026 05:47
c5fc6816-749a-41c4-abf0-745b12c5178b,upstair.ing,available,12.98,16.98,medium,low,7,namecheap,,,12/09/2026 23:20
78a5c2a0-1096-4398-b4e4-ab5c262bb3c8,virginia.ing,premium,455,455,high,low,8,namecheap,,,25/09/2026 09:38
671b0933-f5d8-4cfa-b4f3-c7ed301108b9,abstractly.ing,available,12.98,16.98,medium,low,10,namecheap,,,13/09/2026 16:42
b29ddc64-42a2-4e5e-945a-502fa8d9f32f,throttle.ing,premium,65,65,high,low,8,namecheap,,,16/09/2026 21:47
4cbc14a9-5c83-4792-9172-b75e4afe9735,erose.ing,available,12.98,16.98,medium,low,5,namecheap,,,17/08/2026 12:30
67cf0ac8-a1d5-4ac4-a154-eb2f0751650f,blackfoot.ing,available,12.98,16.98,medium,low,9,namecheap,,,24/09/2026 02:17
9a1ba45b-a023-4d81-b7a0-618c9195166b,borodin.ing,available,12.98,16.98,high,low,7,namecheap,,,18/09/2026 05:02
293dab68-19fc-4e4c-9cbc-dc43878cecc5,candidate.ing,premium,362.45,362.45,high,low,9,spaceship,,,29/09/2026 06:14
1debf9a7-1db8-4137-b0e3-310992c77494,igm.ing,premium,90.2,,high,low,3,unstoppable,,,01/10/2026 02:41
aae1f7cc-de7f-4b1b-bd6b-8ec37dacd672,rotfl.ing,available,16.98,,medium,low,5,namecheap,,,
c05bca6b-4c32-4f9f-925d-02f255d35767,southgate.ing,available,10.2,10.2,medium,low,9,cloudflare,,,01/10/2026 11:23
7e308171-677b-426c-8d02-da11708f0ede,bey.ing,premium,117,117,medium,low,3,namecheap,,,23/09/2026 12:10
60558e5a-19a5-423f-b30f-fca3ecf4c054,fuentes.ing,premium,93.35,93.35,medium,low,7,spaceship,,,29/09/2026 11:52
a79fd152-b490-4c0f-be34-ba35bcb0ca50,beltway.ing,available,12.98,16.98,high,low,7,namecheap,,,23/09/2026 07:15
b624bd40-b30d-4b77-9941-f6c36aaa2e42,break.ing,premium,13000,13000,high,low,5,namecheap,,,25/09/2026 02:26
3e8907cd-53fa-4dbd-ba46-b6602aa06a7a,stylishly.ing,available,12.98,16.98,medium,low,9,namecheap,,,16/09/2026 07:28
64b11a36-4e2a-4143-bed8-e46bc759e898,masonic.ing,available,12.98,16.98,high,low,7,namecheap,,,24/08/2026 16:39
bb1e7225-57ec-4a23-a91f-27d4b58a9a68,functions.ing,premium,455,455,high,low,9,namecheap,,,17/09/2026 05:18
2b6525be-cd62-468a-a03f-fdcbce4df242,piquant.ing,available,12.98,16.98,high,low,7,namecheap,,,17/08/2026 07:38
35dd9da6-d933-4046-b7a5-b573c0382f86,lun.ing,premium,117,117,medium,low,3,namecheap,,,01/10/2026 23:06
66067ee8-5395-48dd-8c64-d86cc8858668,sopp.ing,available,12.98,16.98,medium,low,7,namecheap,,,14/09/2026 14:30
80479b14-f67a-454d-8178-4fd5eac58de1,thiamine.ing,available,12.98,16.98,high,low,8,namecheap,,,19/09/2026 05:38
83bc1dac-97f6-4e19-923b-619ef7fa61d2,alternative.ing,available,,,high,low,11,,,,26/09/2026 00:42
753f0f80-a342-4011-a593-e894710d1ebe,maastricht.ing,available,10.2,10.2,medium,low,10,cloudflare,,,29/09/2026 22:00
6fd56871-245d-43ce-accc-f468d0c77001,ascus.ing,available,12.98,16.98,medium,low,5,namecheap,,,20/09/2026 13:28
2a5b09d9-ddc8-49c8-af2b-3aad2ff530d8,officious.ing,available,12.98,16.98,medium,low,9,namecheap,,,11/08/2026 11:26
825d00e4-8e66-4b95-ac5f-f2ed0e488920,tumour.ing,available,10.81,10.81,medium,low,6,porkbun,,,02/10/2026 16:10
b549dc49-43f6-46c5-be5d-bf2e4dda7db1,mournfully.ing,available,12.98,16.98,medium,low,10,namecheap,,,15/09/2026 15:33
70f6a439-67a0-439a-89a0-d699d0d650b5,chattering.ing,available,12.98,16.98,high,low,10,namecheap,,,30/09/2026 16:43
811f5e12-e7e5-442c-bbf5-effde9da7d99,acrylic.ing,premium,195,195,high,low,7,namecheap,,,17/09/2026 04:05
820b74ce-498f-4b36-89d3-8818c051c64f,super.ing,premium,1625,1625,high,medium,5,name.com,,,
c20baf46-0174-4802-8f5a-9583fb81c138,adrien.ing,available,10.55,10.55,medium,low,6,spaceship,,,02/10/2026 03:15
5ae41a3b-ba1d-46bb-8858-79d6f8e3db97,october.ing,premium,382.61,382.61,high,low,7,porkbun,,,28/09/2026 02:51
0b5c28b9-fe80-47af-a735-b53bfe02b402,dior.ing,available,12.98,16.98,high,medium,4,namecheap,,,24/09/2026 14:51
a2b2ade9-a7b1-4321-991d-2ac883eb6ab9,breastfeeding.ing,available,12.98,16.98,high,low,13,namecheap,,,17/09/2026 08:35
6baf4b58-9df8-4192-8aff-710e1d0a31f5,linear.ing,premium,437.5,437.5,high,low,6,name.com,,,
63244d21-d2c5-407e-94b0-cc203ae65a1f,structural.ing,premium,195,195,high,low,10,namecheap,,,19/09/2026 17:09
7f00a415-a8fa-4791-8c3f-670e795fa7aa,shingles.ing,available,14,,high,low,8,unstoppable,,,02/10/2026 05:14
ae7ab614-f09a-402a-8b4c-0e930d6083cf,ora.ing,premium,350.2,,high,medium,3,unstoppable,,,30/09/2026 19:25
e611e3ce-7714-471c-9246-98110fbe0e18,alarum.ing,available,12.98,16.98,medium,low,6,namecheap,,,18/09/2026 02:00
cb09c0bb-10e9-4d12-a1f2-98af4b68ff7c,windup.ing,available,12.98,16.98,high,low,6,namecheap,,,13/09/2026 12:18
726228f1-04d2-441a-b081-8d685c2fa92d,alterable.ing,available,12.98,16.98,medium,low,9,namecheap,,,22/09/2026 02:18
b39924b8-da45-4f27-bcc2-0f2b3c4851b8,alpine.ing,premium,437.5,437.5,high,medium,6,name.com,,,
9e19dc6e-a356-474e-9e79-3e6a71394d94,amiably.ing,available,12.98,16.98,medium,low,7,namecheap,,,13/09/2026 17:50
c0a59e99-fe8e-4f80-9726-678e651cc7af,recessed.ing,available,12.98,16.98,medium,low,8,namecheap,,,13/08/2026 22:57
426e8d32-519f-45fa-8373-894160dfbdee,entrancing.ing,available,12.98,16.98,medium,low,10,namecheap,,,09/08/2026 18:23
f5bae120-20eb-4caf-906d-0a1c7b69b9bd,stayed.ing,available,12.98,16.98,medium,low,6,namecheap,,,27/09/2026 02:56
c518a474-c0a9-411a-baa9-8a38c93ae530,governments.ing,available,10.81,10.81,low,low,11,porkbun,,,28/09/2026 23:34
dabe3ce2-233f-48a6-a1ae-e7801adac1d6,moron.ing,available,12.98,16.98,medium,low,5,namecheap,,,21/08/2026 20:28
aeea21d7-979b-46c3-98d3-71e5b457cf79,lost.ing,premium,1625,1625,high,low,4,name.com,,,22/09/2026 10:52
1bd29fb3-bbec-4553-ab7d-278015784429,ungroomed.ing,available,12.98,16.98,low,low,9,namecheap,,,12/09/2026 11:34
e988fe80-eb55-40ea-89a1-20682bfe27a7,thinly.ing,available,12.98,16.98,medium,low,6,namecheap,,,11/09/2026 13:26
aaa4cc30-726d-465e-9e2d-3435ca5b1b0a,atilt.ing,available,12.98,16.98,medium,low,5,namecheap,,,07/08/2026 13:13
c74f2409-0546-4af2-b31b-d4604d0b2e39,carousing.ing,available,12.98,16.98,medium,low,9,namecheap,,,08/08/2026 04:24
497c35af-04f1-46e8-9437-0e69bfcd0635,spraying.ing,available,10.55,10.55,high,low,8,spaceship,,,01/10/2026 19:08
6ada69fb-1c11-496e-b453-a59ef31042d1,frugal.ing,resell,,,high,low,6,"GoDaddy.com, LLC",09/12/2023 21:05,09/12/2028 21:05,26/09/2026 06:16
1f70b61a-5845-4e01-8ab4-7a50078929cf,fiducial.ing,available,12.98,16.98,medium,low,8,namecheap,,,18/08/2026 03:40
2311fe83-03ea-4176-8207-8c9915407bb6,abila.ing,available,12.98,16.98,medium,low,5,namecheap,,,16/09/2026 15:52
b262e1f7-e82d-4cfa-8384-272c6984ecc9,advent.ing,premium,195,195,high,low,6,namecheap,,,17/09/2026 10:31
b15c5404-3e6a-40f4-b976-ad83733a8a88,peeling.ing,available,10.2,10.2,high,low,7,cloudflare,,,02/10/2026 04:35
290ae273-6ca4-4044-ac16-793bd5b6e7b2,phrases.ing,premium,187.5,,medium,low,7,name.com,,,02/10/2026 21:24
40a7fe4d-fecd-4bf7-8dd7-f3958062ae3e,fear.ing,premium,3000.2,3900,medium,low,4,unstoppable,,,30/09/2026 15:26
bd21acd3-3ad2-4bcc-bba8-396aa5f0229c,accredited.ing,available,12.98,16.98,high,low,10,namecheap,,,21/09/2026 15:54
94e515e7-c078-4205-8496-b03cb752d7bf,testosterone.ing,premium,155.45,155.45,high,low,12,spaceship,,,29/09/2026 10:23
54796350-edcd-4646-9e71-157f96b7493b,estimable.ing,available,12.98,16.98,medium,low,9,namecheap,,,12/08/2026 19:44
217148b5-af2e-4660-b00a-ecb8a265b24c,through.ing,premium,455,455,high,low,7,namecheap,,,24/09/2026 11:40
37dd6d3c-af67-4b2a-8f4a-cf54f6f0fbdd,snatcher.ing,available,12.98,16.98,medium,low,8,namecheap,,,16/09/2026 14:55
fe67a038-4492-4f9c-99a9-119f4a89e6c5,dresser.ing,premium,117,117,high,low,7,namecheap,,,17/09/2026 05:17
893bb34b-fbd7-493e-87a4-cb6038cc1fa5,hats.ing,premium,455,455,high,low,4,namecheap,,,18/09/2026 07:32
068ebd91-f366-4e57-b7db-8a9930e35c99,beauregard.ing,available,14,,high,low,10,unstoppable,,,29/09/2026 21:40
0f0a95a8-619c-4688-9b73-6984b55a09d9,utica.ing,available,10.55,10.55,medium,low,5,spaceship,,,27/09/2026 16:08
fd137caa-0e9b-4788-b270-0999f45a4054,abdominal.ing,premium,117,117,high,low,9,namecheap,,,21/09/2026 13:47
a35c61a7-3dd7-4811-aeb0-1e8e5c61b3b1,hook.ing,premium,3000.2,,high,low,4,unstoppable,,,28/09/2026 18:24
ca3fb362-a690-4b24-9325-e5991a0278b6,tow.ing,premium,10917.11,10917.11,high,low,3,porkbun,,,30/09/2026 13:23
9d37d3ad-182a-4bb6-954b-15d225997ee8,osman.ing,available,10.55,10.55,medium,low,5,spaceship,,,28/09/2026 22:06
fd9085bf-060a-42eb-90df-8ae0c2ec22f0,inflammatory.ing,available,14,,medium,low,12,unstoppable,,,29/09/2026 21:18
409ece72-f008-463b-9cc4-9e0bf3ce62fb,riot.ing,premium,1419.68,1419.68,high,low,4,porkbun,,,02/10/2026 06:16
bb86ff05-e24f-4746-b8f2-58275ad446b1,batwing.ing,available,12.98,16.98,medium,low,7,namecheap,,,09/08/2026 01:49
146c4e25-50d8-4b5c-89cb-00dfb95d5b51,eos.ing,premium,150.2,,high,low,3,unstoppable,,,29/09/2026 06:47
7fc7ddea-8132-4066-9c68-b33463f60d5d,discharged.ing,available,12.98,16.98,medium,low,10,namecheap,,,14/08/2026 09:49
ecc308a3-0999-4e0e-be45-456319a9208b,barron.ing,available,12.98,16.98,high,low,6,namecheap,,,27/09/2026 08:02
3c3b9ab8-2f60-4106-b235-4832c579d68e,contest.ing,premium,3000.2,,high,low,7,unstoppable,,,29/09/2026 11:25
498a3103-4f56-4eb1-93c8-d04abfb26df6,preset.ing,available,12.98,16.98,high,medium,6,namecheap,,,09/09/2026 01:24
67c5beee-59b8-49d0-abfe-1d3efbf4bbb2,anodic.ing,available,,,high,low,6,,,,
4a5b95b6-e2e1-452b-a4b9-3dae1841fa09,launches.ing,premium,117,117,high,low,8,namecheap,,,21/09/2026 09:09
dd82ed58-0d30-4259-b48d-0f9d27a1f545,hdl.ing,premium,117,117,high,low,3,namecheap,,,18/09/2026 13:33
d8bfb386-262e-4e52-8e94-c289a4950ae0,daimler.ing,available,12.98,16.98,high,medium,7,namecheap,,,30/09/2026 09:19
4fd1d8f1-98ad-47e8-840e-d273c36309ca,fsb.ing,premium,,,high,low,3,,,,30/09/2026 17:18
8313efa4-eea2-4797-9843-542c30b1bffa,sacrosanct.ing,available,12.98,16.98,high,medium,10,namecheap,,,09/09/2026 20:39
0330e71d-8ff3-4600-a2ea-1e36345615a6,carpenter.ing,premium,155.45,155.45,high,low,9,spaceship,,,28/09/2026 01:36
87be289c-d6a7-49ef-af41-30a901608a4e,molecular.ing,premium,187.5,187.5,high,low,9,name.com,,,25/08/2026 03:53
c05b76c9-a5ab-4e96-8470-083656e58b6c,clean.ing,premium,31050.2,31050.2,high,low,5,spaceship,,,03/10/2026 03:51
ef8f1d78-d8d8-40e7-91c7-56c22b230f3c,stainless.ing,premium,455,455,high,low,9,namecheap,,,10/09/2026 18:15
24598956-bbf6-4172-9718-94a4b5a3669d,altimeter.ing,available,12.98,16.98,medium,low,9,namecheap,,,18/09/2026 14:58
f671dfb3-e7cc-4c4f-82f6-221fcb143eea,confronting.ing,available,10.55,10.55,high,low,11,spaceship,,,02/10/2026 07:15
5c7fa370-5a0e-46be-9d21-b5dc09cc3bfb,typhoon.ing,available,14,,high,low,7,unstoppable,,,29/09/2026 14:05
f6eb5a86-bc83-40d0-b9ea-08d43212c7c8,wallet.ing,premium,10917.11,10917.11,high,medium,6,porkbun,,,29/09/2026 02:45
19a5fd13-e402-4ee8-9db4-cc30c662812f,emmet.ing,available,12.98,16.98,medium,low,5,namecheap,,,19/09/2026 12:15
7d7c2136-2d9f-485f-ae8a-ec79d5aaabca,fountain.ing,premium,455,455,high,low,8,namecheap,,,27/09/2026 13:35
99231cc3-636b-4a67-ade8-f928c2ad73bf,meeter.ing,available,12.98,16.98,medium,low,6,namecheap,,,21/09/2026 01:27
b89fbaf2-ad7f-4bfa-b8b3-1e194bad45b2,liberian.ing,available,12.98,16.98,medium,low,8,namecheap,,,23/08/2026 00:47
45c8cf6b-d56f-4c29-a2e6-677189b511f0,placid.ing,available,12.98,16.98,high,low,6,namecheap,,,17/08/2026 14:50
9b968ad5-0778-41ac-b580-1648ed5a2906,microscopic.ing,available,10.55,10.55,high,low,11,spaceship,,,29/09/2026 08:46
a08e9dae-0d13-403d-8715-42100347b702,leer.ing,premium,1690,1690,medium,low,7,namecheap,,,25/09/2026 05:58
070e4939-3f4f-4e1b-8350-a2563b0aa665,ethyne.ing,available,12.98,16.98,medium,low,6,namecheap,,,17/09/2026 00:23
cbf6e19a-e270-4365-ab04-faae5f9d9f58,curves.ing,premium,490,490,medium,low,6,namecheap,,,
a1c9a938-a5ef-425e-914b-3394ea8c11bc,honoured.ing,available,10.55,10.55,medium,low,8,spaceship,,,29/09/2026 03:18
5fdd9fab-2fd6-47c9-8e47-f66bcc8228d8,chinese.ing,premium,812.5,812.5,high,low,7,name.com,,,12/08/2026 05:43
cc27abf0-a034-45b2-9834-77e574e0f551,hybrids.ing,available,10.2,10.2,medium,low,7,cloudflare,,,30/09/2026 14:39
8fc03b76-7c40-49b8-8969-bdad88bd0085,watertown.ing,available,12.98,16.98,medium,low,9,namecheap,,,28/09/2026 06:52
b06c9f4f-957e-4526-9ad0-42b797ab8223,factories.ing,available,18.99,18.99,medium,low,9,name.com,,,20/09/2026 05:09
3ce81b3b-14cd-4398-8c91-b54de063468c,giacometti.ing,available,12.98,16.98,high,low,10,namecheap,,,18/09/2026 02:46
c7f2918f-c8f1-4a94-a505-3cd821ef72f4,flamboyant.ing,available,12.98,16.98,high,low,10,namecheap,,,22/09/2026 12:57
12315793-8d49-4655-b2d0-52df09fe4950,corpulence.ing,available,12.98,16.98,medium,low,10,namecheap,,,04/09/2026 22:00
a7aefdec-e54e-4abc-83e1-95d2d8fddb8e,ridley.ing,available,10.55,10.55,high,low,6,spaceship,,,30/09/2026 02:43
fd49f116-bf13-406b-9656-bfc5bd776a5c,holiday.ing,premium,3105.2,3105.2,high,low,7,spaceship,,,29/09/2026 22:56
633427bb-fd2c-478f-ac87-adaeb1e025ea,spat.ing,available,12.98,16.98,high,low,4,namecheap,,,23/09/2026 13:13
6f6112b1-2555-4351-b633-1dae577417e9,kneel.ing,premium,93.35,93.35,high,low,8,spaceship,,,30/09/2026 10:21
166e50b6-931a-43a1-9ea9-0a5d2c2e12c0,ldl.ing,premium,117,117,high,low,3,namecheap,,,23/09/2026 10:53
11ad9d98-e6be-4937-8c89-4d52c92888e1,begonia.ing,available,12.98,16.98,medium,low,7,namecheap,,,23/09/2026 02:28
07ceab06-72cf-412f-9e13-2c86d9cffc74,blaeberry.ing,available,12.98,16.98,medium,low,9,namecheap,,,23/09/2026 15:39
bf2dafea-faf2-4a74-aec2-f32f2f0fd6aa,miss.ing,premium,13000,13000,high,low,7,namecheap,,,27/09/2026 03:56
46616c02-c979-4f32-99d6-b02f119d2e77,session.ing,premium,437.5,,high,low,7,name.com,,,28/09/2026 17:16
3e617e61-edab-4b12-a925-c2227d4f32ce,fulfilling.ing,available,10.55,10.55,high,low,10,spaceship,,,29/09/2026 21:22
65fbaba4-f570-4068-9a9c-9780fd9df6ba,roddy.ing,available,14,,high,low,5,unstoppable,,,30/09/2026 20:26
6c6b80b8-a577-4534-a24c-de0052bc7613,ruthenium.ing,available,12.98,16.98,medium,low,9,namecheap,,,20/09/2026 23:08
4247ba4a-582a-49d7-818e-c0d6772938aa,handwriting.ing,available,10.2,10.2,medium,low,11,cloudflare,,,28/09/2026 12:30
0fdb7485-4bcb-4aa4-9bec-1c95662509cf,redw.ing,premium,195,195,high,low,7,namecheap,,,17/09/2026 16:57
6019fb74-d15a-4fb1-b490-7d6778b84e31,adds.ing,premium,437.5,437.5,medium,low,4,name.com,,,18/09/2026 14:32
f23840d1-c446-43e2-8583-5065382cf3dd,drugged.ing,available,12.98,16.98,medium,low,7,namecheap,,,14/08/2026 20:06
4251f36e-a070-464d-9cd1-262ff0c1e308,rams.ing,available,10.81,10.81,high,low,4,porkbun,,,30/09/2026 20:33
d03ac1fa-7621-4c7c-b91e-815d5b4a3755,nightly.ing,available,12.98,16.98,high,low,7,namecheap,,,03/09/2026 17:22
6c2fc315-ed3a-4c36-b46e-99e3e0c55db0,headmaster.ing,available,14,,high,low,10,unstoppable,,,29/09/2026 13:01
d2a5d4cf-a192-4aa0-894f-783d56f8b5ca,ref.ing,premium,155.45,155.45,high,low,3,spaceship,,,01/10/2026 21:28
0b58efd1-aeda-406a-aabb-273f0fa88ad0,curfew.ing,available,12.98,16.98,medium,low,6,namecheap,,,24/09/2026 20:27
02d3a112-861e-4650-8f6f-2b378ca4210e,patrol.ing,premium,195,195,high,low,6,namecheap,,,25/09/2026 23:57
1d96b079-b6ed-4df2-9f85-3270cdcab466,rallies.ing,available,14,,medium,low,7,unstoppable,,,02/10/2026 02:59
3ef4ec18-38da-4f54-9af6-c1cce00ad6f0,hershey.ing,available,10.55,10.55,high,low,7,spaceship,,,01/10/2026 02:30
a05b13f1-eb84-4f28-b746-2449331f8c66,altawhid.ing,available,12.98,16.98,medium,low,9,namecheap,,,18/09/2026 01:07
0a0aecbb-aa65-49ef-96b8-891fbae9340a,sachs.ing,premium,117,117,medium,low,5,namecheap,,,27/09/2026 01:53
3983e9bc-69a2-45b1-aa44-5210809f156c,virgin.ing,premium,455,455,high,medium,6,namecheap,,,13/09/2026 05:55
9c223f31-1b51-40b2-b266-ed309267b98a,peet.ing,premium,51.95,51.95,medium,low,4,spaceship,,,03/10/2026 03:09
bc834a60-e8e6-46df-a64f-1441cc4e4ac7,asterion.ing,available,12.98,16.98,medium,low,8,namecheap,,,20/09/2026 17:10
ca3acb2f-3f03-4096-9598-75004a6d13ed,vms.ing,premium,93.35,93.35,high,low,3,spaceship,,,02/10/2026 20:08
8d7c9a4b-4ef1-45cc-88d5-9dcb93e910d0,billed.ing,available,12.98,16.98,high,low,6,namecheap,,,09/08/2026 21:23
cfb0ce3f-e1b9-4cb3-9bc1-1c098d6bbbd3,zestful.ing,available,12.98,16.98,high,low,7,namecheap,,,08/08/2026 19:51
a6ff3225-eac2-404f-b285-81ac6a746c67,prank.ing,premium,845,845,high,low,5,namecheap,,,22/09/2026 06:23
a8deca60-3190-407f-9fe4-d84c4b9a26b1,toxic.ing,premium,164.27,164.27,medium,low,5,porkbun,,,28/09/2026 09:26
984d428e-5846-411b-ab4b-84c4c31b8828,carle.ing,available,10.55,10.55,medium,low,5,spaceship,,,03/10/2026 03:51
4e8541bc-50a3-457b-bbec-c35508e6884f,lunger.ing,available,12.98,16.98,medium,low,6,namecheap,,,12/08/2026 23:06
97eeae57-1f33-41bf-a3fa-e4f33266685d,camisole.ing,available,12.98,16.98,high,low,8,namecheap,,,24/09/2026 11:52
b8bb484a-ed21-4bb6-af13-df2a4b057b08,restraining.ing,available,14,,medium,low,11,unstoppable,,,29/09/2026 03:20
70ad75e5-0b3a-4bbe-8576-9acd84a9445d,harm.ing,premium,1625,1625,high,low,4,name.com,,,08/09/2026 07:44
f0519074-df90-4acb-9053-ebb617002b22,ismaili.ing,available,12.98,16.98,high,low,7,namecheap,,,22/08/2026 10:53
de9c42ec-8324-4953-a912-b3ab7fb68c0a,babka.ing,available,12.98,16.98,high,low,5,namecheap,,,21/09/2026 12:47
c8f0c706-ad28-4f4a-bed7-f44d9c53ca1d,stimulating.ing,available,10.2,10.2,high,low,11,cloudflare,,,28/09/2026 21:23
8ed6d8fd-1fce-4d5b-92c8-f7d77b469332,generat.ing,premium,437.5,,medium,low,10,name.com,,,
64276702-acee-4b72-bce8-acfc6a775a19,gateshead.ing,available,12.98,16.98,medium,low,9,namecheap,,,02/10/2026 19:34
9c2032ca-c801-4612-8084-15f0c1afbcf3,mossy.ing,available,12.98,16.98,high,low,5,namecheap,,,18/08/2026 10:02
9dd71c63-cff2-4d67-b237-daf21cdb34b4,edgy.ing,available,12.98,16.98,high,low,4,namecheap,,,15/08/2026 08:39
28436a13-f772-45bc-9498-16e26db1e57a,critically.ing,available,14,,medium,low,10,unstoppable,,,28/09/2026 14:26
a599c7a3-1a2d-4a0c-adb8-8f86772c6868,renounce.ing,available,10.81,10.81,high,low,8,porkbun,,,29/09/2026 14:11
00c61ebe-bc49-46ed-a447-c1bcc54d87a2,fossorial.ing,available,12.98,16.98,medium,low,9,namecheap,,,18/08/2026 13:21
11dbafd2-5990-49c6-b8c0-617b90bf85d9,stolid.ing,available,12.98,16.98,medium,low,6,namecheap,,,21/08/2026 21:51
dc71cc95-d92e-4992-adac-ce83bd8f9eb1,lectured.ing,available,14,,low,low,8,unstoppable,,,02/10/2026 14:11
d472c2ee-2f09-4e71-a693-b7310300150a,sweetness.ing,available,10.2,10.2,high,low,9,cloudflare,,,29/09/2026 00:59
bb61eff7-00c7-4712-a083-6d75a4ae26c0,elis.ing,available,10.55,10.55,high,medium,4,spaceship,,,02/10/2026 19:56
1746089e-ddff-4e02-9744-47720fd52068,lollipop.ing,available,12.98,16.98,high,low,8,namecheap,,,18/09/2026 08:50
32e99c9d-7170-433f-9e3b-457b57f08dfb,veggies.ing,premium,62.5,62.5,medium,low,7,name.com,,,18/09/2026 15:41
146a0944-38aa-4fa4-9a4b-5432612f4b28,esposito.ing,available,14,,high,low,8,unstoppable,,,30/09/2026 21:18
9b324315-041a-4ee7-b189-3d43ad8de584,masquerade.ing,available,10.55,10.55,high,low,10,spaceship,,,30/09/2026 17:17
b4d323d4-c6e1-4127-b4d6-e9fe3d7e3159,stonewalls.ing,available,12.98,16.98,low,low,10,namecheap,,,20/09/2026 14:03
4e0967b6-a0c3-454c-914d-6d9279bc547d,blitz.ing,premium,,,high,low,5,,,,01/10/2026 01:08
65b4ef25-e2d6-49cb-8bcf-c717fba61b75,bighead.ing,available,12.98,16.98,medium,low,7,namecheap,,,23/09/2026 15:09
2bb9dd8d-5d0d-44b2-bc6f-ea6b123aa34b,timing.ing,premium,195,195,high,low,6,namecheap,,,27/09/2026 05:40
7e405d78-c8dd-479a-a477-fb2ec338c462,beekeeping.ing,available,12.98,16.98,high,low,10,namecheap,,,19/09/2026 17:24